window_id,duration_s,total_events,system_events,process_events,filesystem_events,process_create_rate,filesystem_event_rate,create_rate,modify_rate,delete_rate,rename_rate,suspicious_process_events,unique_process_names,process_burst,fs_created,fs_modified,fs_deleted,fs_renamed,rename_ratio,modify_ratio,create_ratio,delete_ratio,rename_to_modify_ratio,unique_extensions,unique_directories,extension_change_events,suspicious_extension_events,max_fs_events_1s,max_rename_events_1s,filesystem_burst,cpu_percent_mean,cpu_percent_max,cpu_percent_std,memory_percent_mean,memory_percent_max,memory_percent_std,disk_read_bytes_mean,disk_read_bytes_max,disk_read_bytes_std,disk_write_bytes_mean,disk_write_bytes_max,disk_write_bytes_std,process_count_mean,process_count_max,process_count_std,disk_write_rate,disk_read_rate,write_read_ratio,label,session_id,source_file,groundtruth,attack_overlap_s
0,10.0,7,5,2,0,0.2,0.0,0.0,0.0,0.0,0.0,0,1,0,0,0,0,0,0.0,0.0,0.0,0.0,0.0,0,0,0,0,0,0,0,3.88,7.5,2.4685218248984553,60.6,61.0,0.4604345773288533,819.2,4096.0,1638.4000000000003,615219.2,2584576.0,1000589.6729985574,672.6,673.0,0.8,307609.6,409.6,750.9999999999999,0,benign_run_02,benign_run_02.jsonl,True,0.0
1,10.0,6,5,1,0,0.1,0.0,0.0,0.0,0.0,0.0,0,1,0,0,0,0,0,0.0,0.0,0.0,0.0,0.0,0,0,0,0,0,0,0,3.7,5.4,1.0564090116995406,60.2,60.6,0.22803508501982836,2457.6,12288.0,4915.2,975667.2,4194304.0,1615879.8389670437,673.8,674.0,0.4000000000000001,487833.6,1228.8,397.0,0,benign_run_02,benign_run_02.jsonl,True,0.0
2,10.0,5,5,0,0,0.0,0.0,0.0,0.0,0.0,0.0,0,0,0,0,0,0,0,0.0,0.0,0.0,0.0,0.0,0,0,0,0,0,0,0,3.22,4.3,0.9019977827023744,60.220000000000006,60.4,0.11661903789690449,253132.8,1232896.0,490045.96038755385,401408.0,1253376.0,455632.82452430925,674.0,674.0,0.0,200704.0,126566.4,1.5857605177993528,0,benign_run_02,benign_run_02.jsonl,True,0.0
3,10.0,5,5,0,0,0.0,0.0,0.0,0.0,0.0,0.0,0,0,0,0,0,0,0,0.0,0.0,0.0,0.0,0.0,0,0,0,0,0,0,0,7.360000000000001,9.6,2.1209431864149497,60.8,61.0,0.3521363372331795,32768.0,65536.0,20724.30287367949,424345.6,913408.0,311485.65170267475,674.0,674.0,0.0,212172.8,16384.0,12.95,0,benign_run_02,benign_run_02.jsonl,True,0.0
4,10.0,5,5,0,0,0.0,0.0,0.0,0.0,0.0,0.0,0,0,0,0,0,0,0,0.0,0.0,0.0,0.0,0.0,0,0,0,0,0,0,0,2.68,4.3,0.8975522268926749,60.220000000000006,60.6,0.3187475490101838,3276.8,12288.0,4776.715792257271,1558937.6,4329472.0,1655523.1426462876,672.8,674.0,0.9797958971132713,779468.8,1638.4,475.75,0,benign_run_02,benign_run_02.jsonl,True,0.0
5,10.0,7,5,0,2,0.0,0.2,0.1,0.1,0.0,0.0,0,0,0,1,1,0,0,0.0,0.5,0.5,0.0,0.0,1,1,0,0,2,0,0,7.06,9.2,1.8347751905887544,60.7,61.0,0.33466401061362944,40140.8,81920.0,31129.600000000002,446464.0,864256.0,264437.96302346606,671.6,673.0,0.8,223232.0,20070.4,11.122448979591836,0,benign_run_02,benign_run_02.jsonl,True,0.0
6,10.0,30,5,5,20,0.5,2.0,1.0,1.0,0.0,0.0,0,2,1,10,10,0,0,0.0,0.5,0.5,0.0,0.0,1,1,0,0,2,0,1,4.5200000000000005,6.8,1.493184516394407,60.7,61.1,0.346410161513775,19660.8,98304.0,39321.6,383385.6,897024.0,303630.4876138758,674.4,675.0,1.2,191692.8,9830.4,19.5,0,benign_run_02,benign_run_02.jsonl,True,0.0
7,10.0,26,5,1,20,0.1,2.0,1.0,1.0,0.0,0.0,0,1,0,10,10,0,0,0.0,0.5,0.5,0.0,0.0,1,1,0,0,2,0,1,2.86,3.5,0.4029888335921977,60.32000000000001,60.7,0.2712931993250111,0.0,0.0,0.0,1411481.6,5353472.0,1979510.9880842392,675.8,676.0,0.4000000000000001,705740.8,0.0,705740.8,0,benign_run_02,benign_run_02.jsonl,True,0.0
8,10.0,84,5,0,79,0.0,7.9,0.9,4.0,0.0,3.0,0,0,0,9,40,0,30,0.379746835443038,0.5063291139240507,0.11392405063291139,0.0,0.75,2,1,30,30,61,30,1,2.8600000000000003,3.6,0.5083306010855535,60.2,60.6,0.2,7372.8,32768.0,12796.313069005464,161382.4,356352.0,148195.97441442194,676.0,676.0,0.0,80691.2,3686.4,21.88888888888889,0,benign_run_02,benign_run_02.jsonl,True,0.0
9,10.0,13,5,8,0,0.8,0.0,0.0,0.0,0.0,0.0,0,1,1,0,0,0,0,0.0,0.0,0.0,0.0,0.0,0,0,0,0,0,0,0,4.119999999999999,8.9,2.583331182794804,60.779999999999994,61.3,0.4069397989875147,0.0,0.0,0.0,336691.2,1376256.0,527111.7557855829,682.0,682.0,0.0,168345.6,0.0,168345.6,0,benign_run_02,benign_run_02.jsonl,True,0.0
10,10.0,5,5,0,0,0.0,0.0,0.0,0.0,0.0,0.0,0,0,0,0,0,0,0,0.0,0.0,0.0,0.0,0.0,0,0,0,0,0,0,0,2.62,3.8,0.863481325796916,60.739999999999995,61.2,0.31368774282716383,0.0,0.0,0.0,557875.2,1970176.0,711310.940163414,682.0,682.0,0.0,278937.6,0.0,278937.6,0,benign_run_02,benign_run_02.jsonl,True,0.0
11,10.0,5,5,0,0,0.0,0.0,0.0,0.0,0.0,0.0,0,0,0,0,0,0,0,0.0,0.0,0.0,0.0,0.0,0,0,0,0,0,0,0,2.0,2.7,0.48579831205964485,60.620000000000005,60.8,0.1599999999999991,11468.8,49152.0,19106.86316902908,132710.4,323584.0,142869.98311135898,682.0,682.0,0.0,66355.2,5734.4,11.571428571428571,0,benign_run_02,benign_run_02.jsonl,True,0.0
12,10.0,5,5,0,0,0.0,0.0,0.0,0.0,0.0,0.0,0,0,0,0,0,0,0,0.0,0.0,0.0,0.0,0.0,0,0,0,0,0,0,0,2.32,3.5,0.7138627319029899,60.68000000000001,60.8,0.1469693845669893,75366.4,376832.0,150732.8,105676.8,249856.0,105240.89943819371,682.0,682.0,0.0,52838.4,37683.2,1.4021739130434785,0,benign_run_02,benign_run_02.jsonl,True,0.0
13,10.0,7,5,2,0,0.2,0.0,0.0,0.0,0.0,0.0,0,1,0,0,0,0,0,0.0,0.0,0.0,0.0,0.0,0,0,0,0,0,0,0,5.78,10.9,3.4654869787664766,60.839999999999996,61.5,0.4673328578219166,27852.8,118784.0,45860.56909546588,455475.2,1626112.0,602161.5957805347,676.0,682.0,3.0983866769659336,227737.6,13926.4,16.35294117647059,0,benign_run_02,benign_run_02.jsonl,True,0.0
14,10.0,3,3,0,0,0.0,0.0,0.0,0.0,0.0,0.0,0,0,0,0,0,0,0,0.0,0.0,0.0,0.0,0.0,0,0,0,0,0,0,0,2.6,3.5,0.648074069840786,60.53333333333333,60.8,0.2054804667656324,21845.333333333332,65536.0,30893.966674561052,189781.33333333334,335872.0,122164.9119000851,674.0,674.0,0.0,56934.4,6553.6,8.6875,0,benign_run_02,benign_run_02.jsonl,True,0.0
31,10.0,1,1,0,0,0.0,0.0,0.0,0.0,0.0,0.0,0,0,0,0,0,0,0,0.0,0.0,0.0,0.0,0.0,0,0,0,0,0,0,0,0.0,0.0,0.0,61.1,61.1,0.0,0.0,0.0,0.0,0.0,0.0,0.0,672.0,672.0,0.0,0.0,0.0,0.0,0,benign_run_02,benign_run_02.jsonl,True,0.0
32,10.0,7,5,2,0,0.2,0.0,0.0,0.0,0.0,0.0,0,1,0,0,0,0,0,0.0,0.0,0.0,0.0,0.0,0,0,0,0,0,0,0,9.28,18.9,5.656642113480399,60.80000000000001,61.2,0.4604345773288545,35225.6,94208.0,34813.590504858876,1241907.2,3440640.0,1224569.4684638188,674.0,674.0,0.0,620953.6,17612.8,35.25581395348837,0,benign_run_02,benign_run_02.jsonl,True,0.0
33,10.0,6,5,1,0,0.1,0.0,0.0,0.0,0.0,0.0,0,1,0,0,0,0,0,0.0,0.0,0.0,0.0,0.0,0,0,0,0,0,0,0,4.84,8.9,2.331179958733345,60.8,61.2,0.236643191323985,29491.2,126976.0,49383.561209779116,685670.4,2035712.0,721326.8821391866,674.4,676.0,0.8,342835.2,14745.6,23.25,0,benign_run_02,benign_run_02.jsonl,True,0.0
34,10.0,5,5,0,0,0.0,0.0,0.0,0.0,0.0,0.0,0,0,0,0,0,0,0,0.0,0.0,0.0,0.0,0.0,0,0,0,0,0,0,0,2.44,3.5,0.6621178142898739,60.4,60.6,0.1414213562373095,3276.8,8192.0,4013.2439945759593,995328.0,4542464.0,1779488.3320900982,674.2,675.0,0.4,497664.0,1638.4,303.75,0,benign_run_02,benign_run_02.jsonl,True,0.0
35,10.0,7,5,2,0,0.2,0.0,0.0,0.0,0.0,0.0,0,2,0,0,0,0,0,0.0,0.0,0.0,0.0,0.0,0,0,0,0,0,0,0,2.0,2.4,0.31622776601683783,60.35999999999999,60.8,0.2416609194718898,11468.8,32768.0,14283.240058194078,147456.0,417792.0,168464.650848776,673.2,674.0,0.4000000000000001,73728.0,5734.4,12.857142857142858,0,benign_run_02,benign_run_02.jsonl,True,0.0
36,10.0,5,5,0,0,0.0,0.0,0.0,0.0,0.0,0.0,0,0,0,0,0,0,0,0.0,0.0,0.0,0.0,0.0,0,0,0,0,0,0,0,2.2600000000000002,3.2,0.5462600113499066,60.459999999999994,60.8,0.24166091947189133,0.0,0.0,0.0,107315.2,237568.0,99031.75947624075,671.6,673.0,0.8,53657.6,0.0,53657.6,0,benign_run_02,benign_run_02.jsonl,True,0.0
37,10.0,6,5,1,0,0.1,0.0,0.0,0.0,0.0,0.0,0,1,0,0,0,0,0,0.0,0.0,0.0,0.0,0.0,0,0,0,0,0,0,0,2.2600000000000002,2.7,0.31368774282716244,60.379999999999995,60.6,0.17204650534085267,13107.2,65536.0,26214.4,436633.6,1667072.0,635910.2989704129,672.0,672.0,0.0,218316.8,6553.6,33.31249999999999,0,benign_run_02,benign_run_02.jsonl,True,0.0
38,10.0,5,5,0,0,0.0,0.0,0.0,0.0,0.0,0.0,0,0,0,0,0,0,0,0.0,0.0,0.0,0.0,0.0,0,0,0,0,0,0,0,1.8800000000000001,2.4,0.3655133376499413,60.279999999999994,60.5,0.1469693845669895,0.0,0.0,0.0,144179.2,393216.0,163376.49637374404,672.0,672.0,0.0,72089.6,0.0,72089.6,0,benign_run_02,benign_run_02.jsonl,True,0.0
39,10.0,6,5,1,0,0.1,0.0,0.0,0.0,0.0,0.0,0,1,0,0,0,0,0,0.0,0.0,0.0,0.0,0.0,0,0,0,0,0,0,0,2.0,2.5,0.2966479394838265,60.32000000000001,60.5,0.15999999999999925,3276.8,16384.0,6553.6,93388.8,217088.0,94453.44027699574,672.0,672.0,0.0,46694.4,1638.4,28.5,0,benign_run_02,benign_run_02.jsonl,True,0.0
40,10.0,7,5,2,0,0.2,0.0,0.0,0.0,0.0,0.0,0,1,0,0,0,0,0,0.0,0.0,0.0,0.0,0.0,0,0,0,0,0,0,0,5.8,9.9,3.3567841753678476,60.82000000000001,61.5,0.5635601121442144,16384.0,49152.0,20724.30287367949,414515.2,1597440.0,600152.204302342,672.2,673.0,0.4000000000000001,207257.6,8192.0,25.3,0,benign_run_02,benign_run_02.jsonl,True,0.0
41,10.0,24,5,3,16,0.3,1.6,0.8,0.8,0.0,0.0,0,2,0,8,8,0,0,0.0,0.5,0.5,0.0,0.0,1,1,0,0,4,0,1,4.64,6.8,1.3690872872099864,60.82000000000001,61.2,0.36551333764994326,5734.4,28672.0,11468.8,955187.2,3043328.0,1102268.2274754,673.2,674.0,1.1661903789690602,477593.6,2867.2,166.57142857142858,0,benign_run_02,benign_run_02.jsonl,True,0.0
42,10.0,26,5,1,20,0.1,2.0,1.0,1.0,0.0,0.0,0,1,0,10,10,0,0,0.0,0.5,0.5,0.0,0.0,1,1,0,0,2,0,1,3.02,4.1,0.7025667228100118,60.44,60.8,0.26532998322843204,2457.6,12288.0,4915.2,250675.2,421888.0,151172.9226632865,674.2,675.0,0.4,125337.6,1228.8,102.00000000000001,0,benign_run_02,benign_run_02.jsonl,True,0.0
43,10.0,25,5,0,20,0.0,2.0,1.0,1.0,0.0,0.0,0,0,0,10,10,0,0,0.0,0.5,0.5,0.0,0.0,1,1,0,0,2,0,1,4.4399999999999995,6.0,1.2175385004179538,60.78000000000001,61.2,0.39698866482558637,16384.0,81920.0,32768.0,911769.6,3543040.0,1323634.5523192722,675.0,675.0,0.0,455884.8,8192.0,55.65,0,benign_run_02,benign_run_02.jsonl,True,0.0
44,10.0,78,5,8,65,0.8,6.5,0.2,3.3,0.0,3.0,0,1,1,2,33,0,30,0.46153846153846156,0.5076923076923077,0.03076923076923077,0.0,0.9090909090909091,2,1,30,30,61,30,1,4.0,9.9,3.0232432915661946,60.8,61.5,0.3898717737923586,819.2,4096.0,1638.4000000000003,445644.8,1372160.0,494883.5950364085,680.6,682.0,2.8000000000000003,222822.4,409.6,544.0,0,benign_run_02,benign_run_02.jsonl,True,0.0
45,10.0,4,4,0,0,0.0,0.0,0.0,0.0,0.0,0.0,0,0,0,0,0,0,0,0.0,0.0,0.0,0.0,0.0,0,0,0,0,0,0,0,2.3000000000000003,4.2,1.0977249200050077,60.625,60.8,0.10897247358851553,0.0,0.0,0.0,130048.0,245760.0,109692.34066241818,682.0,682.0,0.0,52019.2,0.0,52019.2,0,benign_run_02,benign_run_02.jsonl,True,0.0
46,10.0,5,5,0,0,0.0,0.0,0.0,0.0,0.0,0.0,0,0,0,0,0,0,0,0.0,0.0,0.0,0.0,0.0,0,0,0,0,0,0,0,2.2,2.9,0.4381780460041328,60.7,60.9,0.16733200530681408,0.0,0.0,0.0,446464.0,1744896.0,660582.0745930062,682.0,682.0,0.0,223232.0,0.0,223232.0,0,benign_run_02,benign_run_02.jsonl,True,0.0
47,10.0,5,5,0,0,0.0,0.0,0.0,0.0,0.0,0.0,0,0,0,0,0,0,0,0.0,0.0,0.0,0.0,0.0,0,0,0,0,0,0,0,2.18,2.6,0.342928563989645,60.7,61.0,0.17888543819998254,13926.4,65536.0,25853.515920276684,174489.6,442368.0,184194.34650346902,682.0,682.0,0.0,87244.8,6963.2,12.529411764705882,0,benign_run_02,benign_run_02.jsonl,True,0.0
48,10.0,6,5,1,0,0.1,0.0,0.0,0.0,0.0,0.0,0,1,0,0,0,0,0,0.0,0.0,0.0,0.0,0.0,0,0,0,0,0,0,0,3.2599999999999993,7.8,2.2896287908741892,60.52,60.9,0.3187475490101828,0.0,0.0,0.0,233472.0,598016.0,236889.0712481266,677.4,681.0,4.409081537009721,116736.0,0.0,116736.0,0,benign_run_02,benign_run_02.jsonl,True,0.0
49,10.0,6,5,1,0,0.1,0.0,0.0,0.0,0.0,0.0,0,1,0,0,0,0,0,0.0,0.0,0.0,0.0,0.0,0,0,0,0,0,0,0,2.2199999999999998,3.7,0.7782030583337488,60.379999999999995,60.6,0.14696938456699105,0.0,0.0,0.0,386662.4,1392640.0,524752.4342932008,673.0,673.0,0.0,193331.2,0.0,193331.2,0,benign_run_02,benign_run_02.jsonl,True,0.0
50,10.0,5,5,0,0,0.0,0.0,0.0,0.0,0.0,0.0,0,0,0,0,0,0,0,0.0,0.0,0.0,0.0,0.0,0,0,0,0,0,0,0,2.7,5.0,1.2132600710482482,60.56,61.1,0.28000000000000125,3276.8,16384.0,6553.600000000001,154009.6,352256.0,153795.93689509484,673.0,673.0,0.0,77004.8,1638.4,47.0,0,benign_run_02,benign_run_02.jsonl,True,0.0
51,10.0,1,1,0,0,0.0,0.0,0.0,0.0,0.0,0.0,0,0,0,0,0,0,0,0.0,0.0,0.0,0.0,0.0,0,0,0,0,0,0,0,4.4,4.4,0.0,61.2,61.2,0.0,0.0,0.0,0.0,94208.0,94208.0,0.0,673.0,673.0,0.0,9420.8,0.0,9420.8,0,benign_run_02,benign_run_02.jsonl,True,0.0
121,10.0,1,1,0,0,0.0,0.0,0.0,0.0,0.0,0.0,0,0,0,0,0,0,0,0.0,0.0,0.0,0.0,0.0,0,0,0,0,0,0,0,0.0,0.0,0.0,61.5,61.5,0.0,0.0,0.0,0.0,0.0,0.0,0.0,672.0,672.0,0.0,0.0,0.0,0.0,0,benign_run_02,benign_run_02.jsonl,True,0.0
122,10.0,7,5,2,0,0.2,0.0,0.0,0.0,0.0,0.0,0,1,0,0,0,0,0,0.0,0.0,0.0,0.0,0.0,0,0,0,0,0,0,0,3.3,5.7,1.3401492454200763,60.56,61.1,0.33226495451672344,169574.4,593920.0,220189.62256527893,216268.8,487424.0,171805.59578127833,673.6,674.0,0.8,108134.4,84787.2,1.2753623188405796,0,benign_run_02,benign_run_02.jsonl,True,0.0
123,10.0,5,5,0,0,0.0,0.0,0.0,0.0,0.0,0.0,0,0,0,0,0,0,0,0.0,0.0,0.0,0.0,0.0,0,0,0,0,0,0,0,1.94,2.5,0.41761226035642196,60.48,60.7,0.13266499161421788,9011.2,40960.0,16052.975978303835,619315.2,2363392.0,882903.7976582501,674.0,674.0,0.0,309657.6,4505.6,68.72727272727272,0,benign_run_02,benign_run_02.jsonl,True,0.0
124,10.0,5,5,0,0,0.0,0.0,0.0,0.0,0.0,0.0,0,0,0,0,0,0,0,0.0,0.0,0.0,0.0,0.0,0,0,0,0,0,0,0,2.9,4.6,1.1081516141756054,60.620000000000005,61.1,0.27129319932501206,7372.8,36864.0,14745.600000000002,649625.6,2633728.0,1000385.7615031514,674.0,674.0,0.0,324812.8,3686.4,88.1111111111111,0,benign_run_02,benign_run_02.jsonl,True,0.0
125,10.0,5,5,0,0,0.0,0.0,0.0,0.0,0.0,0.0,0,0,0,0,0,0,0,0.0,0.0,0.0,0.0,0.0,0,0,0,0,0,0,0,2.42,3.6,0.6881860213634101,60.82000000000001,61.3,0.3969886648255829,13107.2,36864.0,13560.172836656619,167116.8,352256.0,147054.9568540959,674.0,674.0,0.0,83558.4,6553.6,12.749999999999998,0,benign_run_02,benign_run_02.jsonl,True,0.0
126,10.0,5,5,0,0,0.0,0.0,0.0,0.0,0.0,0.0,0,0,0,0,0,0,0,0.0,0.0,0.0,0.0,0.0,0,0,0,0,0,0,0,2.14,2.7,0.45431266766402184,60.5,60.8,0.22803508501982708,235110.4,1081344.0,424212.73595666594,134348.8,307200.0,126894.05355713087,672.4,674.0,1.3564659966250536,67174.4,117555.2,0.5714285714285714,0,benign_run_02,benign_run_02.jsonl,True,0.0
127,10.0,6,5,1,0,0.1,0.0,0.0,0.0,0.0,0.0,0,1,0,0,0,0,0,0.0,0.0,0.0,0.0,0.0,0,0,0,0,0,0,0,2.2399999999999998,3.0,0.4270831300812524,60.54,60.8,0.18547236990991472,6553.6,32768.0,13107.2,402227.2,1323008.0,480315.3402998493,672.0,672.0,0.0,201113.6,3276.8,61.375,0,benign_run_02,benign_run_02.jsonl,True,0.0
128,10.0,5,5,0,0,0.0,0.0,0.0,0.0,0.0,0.0,0,0,0,0,0,0,0,0.0,0.0,0.0,0.0,0.0,0,0,0,0,0,0,0,2.0200000000000005,3.4,0.7626270385975048,60.44,60.6,0.1496662954709575,0.0,0.0,0.0,162201.6,434176.0,167658.0411881279,672.0,672.0,0.0,81100.8,0.0,81100.8,0,benign_run_02,benign_run_02.jsonl,True,0.0
129,10.0,5,5,0,0,0.0,0.0,0.0,0.0,0.0,0.0,0,0,0,0,0,0,0,0.0,0.0,0.0,0.0,0.0,0,0,0,0,0,0,0,1.9600000000000002,2.5,0.4127953488110058,60.64000000000001,61.0,0.20591260281974041,819.2,4096.0,1638.4000000000003,112230.4,241664.0,105819.58725604632,672.0,672.0,0.0,56115.2,409.6,136.99999999999997,0,benign_run_02,benign_run_02.jsonl,True,0.0
130,10.0,5,5,0,0,0.0,0.0,0.0,0.0,0.0,0.0,0,0,0,0,0,0,0,0.0,0.0,0.0,0.0,0.0,0,0,0,0,0,0,0,2.0599999999999996,2.5,0.42237424163885745,60.46,60.7,0.2244994432064374,5734.4,16384.0,7141.620029097039,506265.6,1667072.0,610996.9027671416,672.0,672.0,0.0,253132.8,2867.2,88.28571428571429,0,benign_run_02,benign_run_02.jsonl,True,0.0
131,10.0,5,5,0,0,0.0,0.0,0.0,0.0,0.0,0.0,0,0,0,0,0,0,0,0.0,0.0,0.0,0.0,0.0,0,0,0,0,0,0,0,1.92,2.4,0.35440090293338694,60.42,60.7,0.2400000000000015,0.0,0.0,0.0,121241.6,270336.0,116850.20098159865,671.2,672.0,0.4000000000000001,60620.8,0.0,60620.8,0,benign_run_02,benign_run_02.jsonl,True,0.0
132,10.0,5,5,0,0,0.0,0.0,0.0,0.0,0.0,0.0,0,0,0,0,0,0,0,0.0,0.0,0.0,0.0,0.0,0,0,0,0,0,0,0,3.3,4.7,1.07144761887831,60.42,60.9,0.33105890714493647,0.0,0.0,0.0,108953.6,249856.0,96672.54212360406,671.0,671.0,0.0,54476.8,0.0,54476.8,0,benign_run_02,benign_run_02.jsonl,True,0.0
133,10.0,6,5,1,0,0.1,0.0,0.0,0.0,0.0,0.0,0,1,0,0,0,0,0,0.0,0.0,0.0,0.0,0.0,0,0,0,0,0,0,0,2.92,3.7,0.5491812087098392,60.64,61.0,0.272763633939716,6553.6,32768.0,13107.2,356352.0,1110016.0,407456.2782061408,672.0,672.0,0.0,178176.0,3276.8,54.375,0,benign_run_02,benign_run_02.jsonl,True,0.0
134,10.0,5,5,0,0,0.0,0.0,0.0,0.0,0.0,0.0,0,0,0,0,0,0,0,0.0,0.0,0.0,0.0,0.0,0,0,0,0,0,0,0,2.02,2.4,0.3709447398198282,60.499999999999986,60.7,0.14142135623731153,1331200.0,5713920.0,2221527.8207936087,3520102.4,16941056.0,6711701.450505246,672.0,672.0,0.0,1760051.2,665600.0,2.644307692307692,0,benign_run_02,benign_run_02.jsonl,True,0.0
135,10.0,9,5,4,0,0.4,0.0,0.0,0.0,0.0,0.0,0,1,0,0,0,0,0,0.0,0.0,0.0,0.0,0.0,0,0,0,0,0,0,0,2.28,3.0,0.6554387843269576,60.52,60.8,0.17204650534085267,819.2,4096.0,1638.4,211353.6,495616.0,168297.25826596224,675.6,676.0,0.8,105676.8,409.6,258.0,0,benign_run_02,benign_run_02.jsonl,True,0.0
136,10.0,5,5,0,0,0.0,0.0,0.0,0.0,0.0,0.0,0,0,0,0,0,0,0,0.0,0.0,0.0,0.0,0.0,0,0,0,0,0,0,0,3.5800000000000005,6.2,1.3585286158193357,60.760000000000005,61.4,0.3261901286060009,9830.4,49152.0,19660.8,449740.8,1671168.0,620412.9952805308,676.2,677.0,0.4,224870.4,4915.2,45.75,0,benign_run_02,benign_run_02.jsonl,True,0.0
137,10.0,2,2,0,0,0.0,0.0,0.0,0.0,0.0,0.0,0,0,0,0,0,0,0,0.0,0.0,0.0,0.0,0.0,0,0,0,0,0,0,0,4.25,5.7,1.4500000000000002,61.05,61.1,0.05000000000000071,24576.0,49152.0,24576.0,217088.0,409600.0,192512.0,676.0,676.0,0.0,43417.6,4915.2,8.833333333333334,0,benign_run_02,benign_run_02.jsonl,True,0.0
0,10.0,7,5,2,0,0.2,0.0,0.0,0.0,0.0,0.0,0,1,0,0,0,0,0,0.0,0.0,0.0,0.0,0.0,0,0,0,0,0,0,0,3.88,7.5,2.4685218248984553,60.6,61.0,0.4604345773288533,819.2,4096.0,1638.4000000000003,615219.2,2584576.0,1000589.6729985574,672.6,673.0,0.8,307609.6,409.6,750.9999999999999,0,benign_run_03,benign_run_03.jsonl,True,0.0
1,10.0,6,5,1,0,0.1,0.0,0.0,0.0,0.0,0.0,0,1,0,0,0,0,0,0.0,0.0,0.0,0.0,0.0,0,0,0,0,0,0,0,3.7,5.4,1.0564090116995406,60.2,60.6,0.22803508501982836,2457.6,12288.0,4915.2,975667.2,4194304.0,1615879.8389670437,673.8,674.0,0.4000000000000001,487833.6,1228.8,397.0,0,benign_run_03,benign_run_03.jsonl,True,0.0
2,10.0,5,5,0,0,0.0,0.0,0.0,0.0,0.0,0.0,0,0,0,0,0,0,0,0.0,0.0,0.0,0.0,0.0,0,0,0,0,0,0,0,3.22,4.3,0.9019977827023744,60.220000000000006,60.4,0.11661903789690449,253132.8,1232896.0,490045.96038755385,401408.0,1253376.0,455632.82452430925,674.0,674.0,0.0,200704.0,126566.4,1.5857605177993528,0,benign_run_03,benign_run_03.jsonl,True,0.0
3,10.0,5,5,0,0,0.0,0.0,0.0,0.0,0.0,0.0,0,0,0,0,0,0,0,0.0,0.0,0.0,0.0,0.0,0,0,0,0,0,0,0,7.360000000000001,9.6,2.1209431864149497,60.8,61.0,0.3521363372331795,32768.0,65536.0,20724.30287367949,424345.6,913408.0,311485.65170267475,674.0,674.0,0.0,212172.8,16384.0,12.95,0,benign_run_03,benign_run_03.jsonl,True,0.0
4,10.0,5,5,0,0,0.0,0.0,0.0,0.0,0.0,0.0,0,0,0,0,0,0,0,0.0,0.0,0.0,0.0,0.0,0,0,0,0,0,0,0,2.68,4.3,0.8975522268926749,60.220000000000006,60.6,0.3187475490101838,3276.8,12288.0,4776.715792257271,1558937.6,4329472.0,1655523.1426462876,672.8,674.0,0.9797958971132713,779468.8,1638.4,475.75,0,benign_run_03,benign_run_03.jsonl,True,0.0
5,10.0,7,5,0,2,0.0,0.2,0.1,0.1,0.0,0.0,0,0,0,1,1,0,0,0.0,0.5,0.5,0.0,0.0,1,1,0,0,2,0,0,7.06,9.2,1.8347751905887544,60.7,61.0,0.33466401061362944,40140.8,81920.0,31129.600000000002,446464.0,864256.0,264437.96302346606,671.6,673.0,0.8,223232.0,20070.4,11.122448979591836,0,benign_run_03,benign_run_03.jsonl,True,0.0
6,10.0,30,5,5,20,0.5,2.0,1.0,1.0,0.0,0.0,0,2,1,10,10,0,0,0.0,0.5,0.5,0.0,0.0,1,1,0,0,2,0,1,4.5200000000000005,6.8,1.493184516394407,60.7,61.1,0.346410161513775,19660.8,98304.0,39321.6,383385.6,897024.0,303630.4876138758,674.4,675.0,1.2,191692.8,9830.4,19.5,0,benign_run_03,benign_run_03.jsonl,True,0.0
7,10.0,26,5,1,20,0.1,2.0,1.0,1.0,0.0,0.0,0,1,0,10,10,0,0,0.0,0.5,0.5,0.0,0.0,1,1,0,0,2,0,1,2.86,3.5,0.4029888335921977,60.32000000000001,60.7,0.2712931993250111,0.0,0.0,0.0,1411481.6,5353472.0,1979510.9880842392,675.8,676.0,0.4000000000000001,705740.8,0.0,705740.8,0,benign_run_03,benign_run_03.jsonl,True,0.0
8,10.0,84,5,0,79,0.0,7.9,0.9,4.0,0.0,3.0,0,0,0,9,40,0,30,0.379746835443038,0.5063291139240507,0.11392405063291139,0.0,0.75,2,1,30,30,61,30,1,2.8600000000000003,3.6,0.5083306010855535,60.2,60.6,0.2,7372.8,32768.0,12796.313069005464,161382.4,356352.0,148195.97441442194,676.0,676.0,0.0,80691.2,3686.4,21.88888888888889,0,benign_run_03,benign_run_03.jsonl,True,0.0
9,10.0,13,5,8,0,0.8,0.0,0.0,0.0,0.0,0.0,0,1,1,0,0,0,0,0.0,0.0,0.0,0.0,0.0,0,0,0,0,0,0,0,4.119999999999999,8.9,2.583331182794804,60.779999999999994,61.3,0.4069397989875147,0.0,0.0,0.0,336691.2,1376256.0,527111.7557855829,682.0,682.0,0.0,168345.6,0.0,168345.6,0,benign_run_03,benign_run_03.jsonl,True,0.0
10,10.0,5,5,0,0,0.0,0.0,0.0,0.0,0.0,0.0,0,0,0,0,0,0,0,0.0,0.0,0.0,0.0,0.0,0,0,0,0,0,0,0,2.62,3.8,0.863481325796916,60.739999999999995,61.2,0.31368774282716383,0.0,0.0,0.0,557875.2,1970176.0,711310.940163414,682.0,682.0,0.0,278937.6,0.0,278937.6,0,benign_run_03,benign_run_03.jsonl,True,0.0
11,10.0,5,5,0,0,0.0,0.0,0.0,0.0,0.0,0.0,0,0,0,0,0,0,0,0.0,0.0,0.0,0.0,0.0,0,0,0,0,0,0,0,2.0,2.7,0.48579831205964485,60.620000000000005,60.8,0.1599999999999991,11468.8,49152.0,19106.86316902908,132710.4,323584.0,142869.98311135898,682.0,682.0,0.0,66355.2,5734.4,11.571428571428571,0,benign_run_03,benign_run_03.jsonl,True,0.0
12,10.0,5,5,0,0,0.0,0.0,0.0,0.0,0.0,0.0,0,0,0,0,0,0,0,0.0,0.0,0.0,0.0,0.0,0,0,0,0,0,0,0,2.32,3.5,0.7138627319029899,60.68000000000001,60.8,0.1469693845669893,75366.4,376832.0,150732.8,105676.8,249856.0,105240.89943819371,682.0,682.0,0.0,52838.4,37683.2,1.4021739130434785,0,benign_run_03,benign_run_03.jsonl,True,0.0
13,10.0,7,5,2,0,0.2,0.0,0.0,0.0,0.0,0.0,0,1,0,0,0,0,0,0.0,0.0,0.0,0.0,0.0,0,0,0,0,0,0,0,5.78,10.9,3.4654869787664766,60.839999999999996,61.5,0.4673328578219166,27852.8,118784.0,45860.56909546588,455475.2,1626112.0,602161.5957805347,676.0,682.0,3.0983866769659336,227737.6,13926.4,16.35294117647059,0,benign_run_03,benign_run_03.jsonl,True,0.0
14,10.0,3,3,0,0,0.0,0.0,0.0,0.0,0.0,0.0,0,0,0,0,0,0,0,0.0,0.0,0.0,0.0,0.0,0,0,0,0,0,0,0,2.6,3.5,0.648074069840786,60.53333333333333,60.8,0.2054804667656324,21845.333333333332,65536.0,30893.966674561052,189781.33333333334,335872.0,122164.9119000851,674.0,674.0,0.0,56934.4,6553.6,8.6875,0,benign_run_03,benign_run_03.jsonl,True,0.0
31,10.0,1,1,0,0,0.0,0.0,0.0,0.0,0.0,0.0,0,0,0,0,0,0,0,0.0,0.0,0.0,0.0,0.0,0,0,0,0,0,0,0,0.0,0.0,0.0,61.1,61.1,0.0,0.0,0.0,0.0,0.0,0.0,0.0,672.0,672.0,0.0,0.0,0.0,0.0,0,benign_run_03,benign_run_03.jsonl,True,0.0
32,10.0,7,5,2,0,0.2,0.0,0.0,0.0,0.0,0.0,0,1,0,0,0,0,0,0.0,0.0,0.0,0.0,0.0,0,0,0,0,0,0,0,9.28,18.9,5.656642113480399,60.80000000000001,61.2,0.4604345773288545,35225.6,94208.0,34813.590504858876,1241907.2,3440640.0,1224569.4684638188,674.0,674.0,0.0,620953.6,17612.8,35.25581395348837,0,benign_run_03,benign_run_03.jsonl,True,0.0
33,10.0,6,5,1,0,0.1,0.0,0.0,0.0,0.0,0.0,0,1,0,0,0,0,0,0.0,0.0,0.0,0.0,0.0,0,0,0,0,0,0,0,4.84,8.9,2.331179958733345,60.8,61.2,0.236643191323985,29491.2,126976.0,49383.561209779116,685670.4,2035712.0,721326.8821391866,674.4,676.0,0.8,342835.2,14745.6,23.25,0,benign_run_03,benign_run_03.jsonl,True,0.0
34,10.0,5,5,0,0,0.0,0.0,0.0,0.0,0.0,0.0,0,0,0,0,0,0,0,0.0,0.0,0.0,0.0,0.0,0,0,0,0,0,0,0,2.44,3.5,0.6621178142898739,60.4,60.6,0.1414213562373095,3276.8,8192.0,4013.2439945759593,995328.0,4542464.0,1779488.3320900982,674.2,675.0,0.4,497664.0,1638.4,303.75,0,benign_run_03,benign_run_03.jsonl,True,0.0
35,10.0,7,5,2,0,0.2,0.0,0.0,0.0,0.0,0.0,0,2,0,0,0,0,0,0.0,0.0,0.0,0.0,0.0,0,0,0,0,0,0,0,2.0,2.4,0.31622776601683783,60.35999999999999,60.8,0.2416609194718898,11468.8,32768.0,14283.240058194078,147456.0,417792.0,168464.650848776,673.2,674.0,0.4000000000000001,73728.0,5734.4,12.857142857142858,0,benign_run_03,benign_run_03.jsonl,True,0.0
36,10.0,5,5,0,0,0.0,0.0,0.0,0.0,0.0,0.0,0,0,0,0,0,0,0,0.0,0.0,0.0,0.0,0.0,0,0,0,0,0,0,0,2.2600000000000002,3.2,0.5462600113499066,60.459999999999994,60.8,0.24166091947189133,0.0,0.0,0.0,107315.2,237568.0,99031.75947624075,671.6,673.0,0.8,53657.6,0.0,53657.6,0,benign_run_03,benign_run_03.jsonl,True,0.0
37,10.0,6,5,1,0,0.1,0.0,0.0,0.0,0.0,0.0,0,1,0,0,0,0,0,0.0,0.0,0.0,0.0,0.0,0,0,0,0,0,0,0,2.2600000000000002,2.7,0.31368774282716244,60.379999999999995,60.6,0.17204650534085267,13107.2,65536.0,26214.4,436633.6,1667072.0,635910.2989704129,672.0,672.0,0.0,218316.8,6553.6,33.31249999999999,0,benign_run_03,benign_run_03.jsonl,True,0.0
38,10.0,5,5,0,0,0.0,0.0,0.0,0.0,0.0,0.0,0,0,0,0,0,0,0,0.0,0.0,0.0,0.0,0.0,0,0,0,0,0,0,0,1.8800000000000001,2.4,0.3655133376499413,60.279999999999994,60.5,0.1469693845669895,0.0,0.0,0.0,144179.2,393216.0,163376.49637374404,672.0,672.0,0.0,72089.6,0.0,72089.6,0,benign_run_03,benign_run_03.jsonl,True,0.0
39,10.0,6,5,1,0,0.1,0.0,0.0,0.0,0.0,0.0,0,1,0,0,0,0,0,0.0,0.0,0.0,0.0,0.0,0,0,0,0,0,0,0,2.0,2.5,0.2966479394838265,60.32000000000001,60.5,0.15999999999999925,3276.8,16384.0,6553.6,93388.8,217088.0,94453.44027699574,672.0,672.0,0.0,46694.4,1638.4,28.5,0,benign_run_03,benign_run_03.jsonl,True,0.0
40,10.0,7,5,2,0,0.2,0.0,0.0,0.0,0.0,0.0,0,1,0,0,0,0,0,0.0,0.0,0.0,0.0,0.0,0,0,0,0,0,0,0,5.8,9.9,3.3567841753678476,60.82000000000001,61.5,0.5635601121442144,16384.0,49152.0,20724.30287367949,414515.2,1597440.0,600152.204302342,672.2,673.0,0.4000000000000001,207257.6,8192.0,25.3,0,benign_run_03,benign_run_03.jsonl,True,0.0
41,10.0,24,5,3,16,0.3,1.6,0.8,0.8,0.0,0.0,0,2,0,8,8,0,0,0.0,0.5,0.5,0.0,0.0,1,1,0,0,4,0,1,4.64,6.8,1.3690872872099864,60.82000000000001,61.2,0.36551333764994326,5734.4,28672.0,11468.8,955187.2,3043328.0,1102268.2274754,673.2,674.0,1.1661903789690602,477593.6,2867.2,166.57142857142858,0,benign_run_03,benign_run_03.jsonl,True,0.0
42,10.0,26,5,1,20,0.1,2.0,1.0,1.0,0.0,0.0,0,1,0,10,10,0,0,0.0,0.5,0.5,0.0,0.0,1,1,0,0,2,0,1,3.02,4.1,0.7025667228100118,60.44,60.8,0.26532998322843204,2457.6,12288.0,4915.2,250675.2,421888.0,151172.9226632865,674.2,675.0,0.4,125337.6,1228.8,102.00000000000001,0,benign_run_03,benign_run_03.jsonl,True,0.0
43,10.0,25,5,0,20,0.0,2.0,1.0,1.0,0.0,0.0,0,0,0,10,10,0,0,0.0,0.5,0.5,0.0,0.0,1,1,0,0,2,0,1,4.4399999999999995,6.0,1.2175385004179538,60.78000000000001,61.2,0.39698866482558637,16384.0,81920.0,32768.0,911769.6,3543040.0,1323634.5523192722,675.0,675.0,0.0,455884.8,8192.0,55.65,0,benign_run_03,benign_run_03.jsonl,True,0.0
44,10.0,78,5,8,65,0.8,6.5,0.2,3.3,0.0,3.0,0,1,1,2,33,0,30,0.46153846153846156,0.5076923076923077,0.03076923076923077,0.0,0.9090909090909091,2,1,30,30,61,30,1,4.0,9.9,3.0232432915661946,60.8,61.5,0.3898717737923586,819.2,4096.0,1638.4000000000003,445644.8,1372160.0,494883.5950364085,680.6,682.0,2.8000000000000003,222822.4,409.6,544.0,0,benign_run_03,benign_run_03.jsonl,True,0.0
45,10.0,4,4,0,0,0.0,0.0,0.0,0.0,0.0,0.0,0,0,0,0,0,0,0,0.0,0.0,0.0,0.0,0.0,0,0,0,0,0,0,0,2.3000000000000003,4.2,1.0977249200050077,60.625,60.8,0.10897247358851553,0.0,0.0,0.0,130048.0,245760.0,109692.34066241818,682.0,682.0,0.0,52019.2,0.0,52019.2,0,benign_run_03,benign_run_03.jsonl,True,0.0
46,10.0,5,5,0,0,0.0,0.0,0.0,0.0,0.0,0.0,0,0,0,0,0,0,0,0.0,0.0,0.0,0.0,0.0,0,0,0,0,0,0,0,2.2,2.9,0.4381780460041328,60.7,60.9,0.16733200530681408,0.0,0.0,0.0,446464.0,1744896.0,660582.0745930062,682.0,682.0,0.0,223232.0,0.0,223232.0,0,benign_run_03,benign_run_03.jsonl,True,0.0
47,10.0,5,5,0,0,0.0,0.0,0.0,0.0,0.0,0.0,0,0,0,0,0,0,0,0.0,0.0,0.0,0.0,0.0,0,0,0,0,0,0,0,2.18,2.6,0.342928563989645,60.7,61.0,0.17888543819998254,13926.4,65536.0,25853.515920276684,174489.6,442368.0,184194.34650346902,682.0,682.0,0.0,87244.8,6963.2,12.529411764705882,0,benign_run_03,benign_run_03.jsonl,True,0.0
48,10.0,6,5,1,0,0.1,0.0,0.0,0.0,0.0,0.0,0,1,0,0,0,0,0,0.0,0.0,0.0,0.0,0.0,0,0,0,0,0,0,0,3.2599999999999993,7.8,2.2896287908741892,60.52,60.9,0.3187475490101828,0.0,0.0,0.0,233472.0,598016.0,236889.0712481266,677.4,681.0,4.409081537009721,116736.0,0.0,116736.0,0,benign_run_03,benign_run_03.jsonl,True,0.0
49,10.0,6,5,1,0,0.1,0.0,0.0,0.0,0.0,0.0,0,1,0,0,0,0,0,0.0,0.0,0.0,0.0,0.0,0,0,0,0,0,0,0,2.2199999999999998,3.7,0.7782030583337488,60.379999999999995,60.6,0.14696938456699105,0.0,0.0,0.0,386662.4,1392640.0,524752.4342932008,673.0,673.0,0.0,193331.2,0.0,193331.2,0,benign_run_03,benign_run_03.jsonl,True,0.0
50,10.0,5,5,0,0,0.0,0.0,0.0,0.0,0.0,0.0,0,0,0,0,0,0,0,0.0,0.0,0.0,0.0,0.0,0,0,0,0,0,0,0,2.7,5.0,1.2132600710482482,60.56,61.1,0.28000000000000125,3276.8,16384.0,6553.600000000001,154009.6,352256.0,153795.93689509484,673.0,673.0,0.0,77004.8,1638.4,47.0,0,benign_run_03,benign_run_03.jsonl,True,0.0
51,10.0,1,1,0,0,0.0,0.0,0.0,0.0,0.0,0.0,0,0,0,0,0,0,0,0.0,0.0,0.0,0.0,0.0,0,0,0,0,0,0,0,4.4,4.4,0.0,61.2,61.2,0.0,0.0,0.0,0.0,94208.0,94208.0,0.0,673.0,673.0,0.0,9420.8,0.0,9420.8,0,benign_run_03,benign_run_03.jsonl,True,0.0
121,10.0,1,1,0,0,0.0,0.0,0.0,0.0,0.0,0.0,0,0,0,0,0,0,0,0.0,0.0,0.0,0.0,0.0,0,0,0,0,0,0,0,0.0,0.0,0.0,61.5,61.5,0.0,0.0,0.0,0.0,0.0,0.0,0.0,672.0,672.0,0.0,0.0,0.0,0.0,0,benign_run_03,benign_run_03.jsonl,True,0.0
122,10.0,7,5,2,0,0.2,0.0,0.0,0.0,0.0,0.0,0,1,0,0,0,0,0,0.0,0.0,0.0,0.0,0.0,0,0,0,0,0,0,0,3.3,5.7,1.3401492454200763,60.56,61.1,0.33226495451672344,169574.4,593920.0,220189.62256527893,216268.8,487424.0,171805.59578127833,673.6,674.0,0.8,108134.4,84787.2,1.2753623188405796,0,benign_run_03,benign_run_03.jsonl,True,0.0
123,10.0,5,5,0,0,0.0,0.0,0.0,0.0,0.0,0.0,0,0,0,0,0,0,0,0.0,0.0,0.0,0.0,0.0,0,0,0,0,0,0,0,1.94,2.5,0.41761226035642196,60.48,60.7,0.13266499161421788,9011.2,40960.0,16052.975978303835,619315.2,2363392.0,882903.7976582501,674.0,674.0,0.0,309657.6,4505.6,68.72727272727272,0,benign_run_03,benign_run_03.jsonl,True,0.0
124,10.0,5,5,0,0,0.0,0.0,0.0,0.0,0.0,0.0,0,0,0,0,0,0,0,0.0,0.0,0.0,0.0,0.0,0,0,0,0,0,0,0,2.9,4.6,1.1081516141756054,60.620000000000005,61.1,0.27129319932501206,7372.8,36864.0,14745.600000000002,649625.6,2633728.0,1000385.7615031514,674.0,674.0,0.0,324812.8,3686.4,88.1111111111111,0,benign_run_03,benign_run_03.jsonl,True,0.0
125,10.0,5,5,0,0,0.0,0.0,0.0,0.0,0.0,0.0,0,0,0,0,0,0,0,0.0,0.0,0.0,0.0,0.0,0,0,0,0,0,0,0,2.42,3.6,0.6881860213634101,60.82000000000001,61.3,0.3969886648255829,13107.2,36864.0,13560.172836656619,167116.8,352256.0,147054.9568540959,674.0,674.0,0.0,83558.4,6553.6,12.749999999999998,0,benign_run_03,benign_run_03.jsonl,True,0.0
126,10.0,5,5,0,0,0.0,0.0,0.0,0.0,0.0,0.0,0,0,0,0,0,0,0,0.0,0.0,0.0,0.0,0.0,0,0,0,0,0,0,0,2.14,2.7,0.45431266766402184,60.5,60.8,0.22803508501982708,235110.4,1081344.0,424212.73595666594,134348.8,307200.0,126894.05355713087,672.4,674.0,1.3564659966250536,67174.4,117555.2,0.5714285714285714,0,benign_run_03,benign_run_03.jsonl,True,0.0
127,10.0,6,5,1,0,0.1,0.0,0.0,0.0,0.0,0.0,0,1,0,0,0,0,0,0.0,0.0,0.0,0.0,0.0,0,0,0,0,0,0,0,2.2399999999999998,3.0,0.4270831300812524,60.54,60.8,0.18547236990991472,6553.6,32768.0,13107.2,402227.2,1323008.0,480315.3402998493,672.0,672.0,0.0,201113.6,3276.8,61.375,0,benign_run_03,benign_run_03.jsonl,True,0.0
128,10.0,5,5,0,0,0.0,0.0,0.0,0.0,0.0,0.0,0,0,0,0,0,0,0,0.0,0.0,0.0,0.0,0.0,0,0,0,0,0,0,0,2.0200000000000005,3.4,0.7626270385975048,60.44,60.6,0.1496662954709575,0.0,0.0,0.0,162201.6,434176.0,167658.0411881279,672.0,672.0,0.0,81100.8,0.0,81100.8,0,benign_run_03,benign_run_03.jsonl,True,0.0
129,10.0,5,5,0,0,0.0,0.0,0.0,0.0,0.0,0.0,0,0,0,0,0,0,0,0.0,0.0,0.0,0.0,0.0,0,0,0,0,0,0,0,1.9600000000000002,2.5,0.4127953488110058,60.64000000000001,61.0,0.20591260281974041,819.2,4096.0,1638.4000000000003,112230.4,241664.0,105819.58725604632,672.0,672.0,0.0,56115.2,409.6,136.99999999999997,0,benign_run_03,benign_run_03.jsonl,True,0.0
130,10.0,5,5,0,0,0.0,0.0,0.0,0.0,0.0,0.0,0,0,0,0,0,0,0,0.0,0.0,0.0,0.0,0.0,0,0,0,0,0,0,0,2.0599999999999996,2.5,0.42237424163885745,60.46,60.7,0.2244994432064374,5734.4,16384.0,7141.620029097039,506265.6,1667072.0,610996.9027671416,672.0,672.0,0.0,253132.8,2867.2,88.28571428571429,0,benign_run_03,benign_run_03.jsonl,True,0.0
131,10.0,5,5,0,0,0.0,0.0,0.0,0.0,0.0,0.0,0,0,0,0,0,0,0,0.0,0.0,0.0,0.0,0.0,0,0,0,0,0,0,0,1.92,2.4,0.35440090293338694,60.42,60.7,0.2400000000000015,0.0,0.0,0.0,121241.6,270336.0,116850.20098159865,671.2,672.0,0.4000000000000001,60620.8,0.0,60620.8,0,benign_run_03,benign_run_03.jsonl,True,0.0
132,10.0,5,5,0,0,0.0,0.0,0.0,0.0,0.0,0.0,0,0,0,0,0,0,0,0.0,0.0,0.0,0.0,0.0,0,0,0,0,0,0,0,3.3,4.7,1.07144761887831,60.42,60.9,0.33105890714493647,0.0,0.0,0.0,108953.6,249856.0,96672.54212360406,671.0,671.0,0.0,54476.8,0.0,54476.8,0,benign_run_03,benign_run_03.jsonl,True,0.0
133,10.0,6,5,1,0,0.1,0.0,0.0,0.0,0.0,0.0,0,1,0,0,0,0,0,0.0,0.0,0.0,0.0,0.0,0,0,0,0,0,0,0,2.92,3.7,0.5491812087098392,60.64,61.0,0.272763633939716,6553.6,32768.0,13107.2,356352.0,1110016.0,407456.2782061408,672.0,672.0,0.0,178176.0,3276.8,54.375,0,benign_run_03,benign_run_03.jsonl,True,0.0
134,10.0,5,5,0,0,0.0,0.0,0.0,0.0,0.0,0.0,0,0,0,0,0,0,0,0.0,0.0,0.0,0.0,0.0,0,0,0,0,0,0,0,2.02,2.4,0.3709447398198282,60.499999999999986,60.7,0.14142135623731153,1331200.0,5713920.0,2221527.8207936087,3520102.4,16941056.0,6711701.450505246,672.0,672.0,0.0,1760051.2,665600.0,2.644307692307692,0,benign_run_03,benign_run_03.jsonl,True,0.0
135,10.0,9,5,4,0,0.4,0.0,0.0,0.0,0.0,0.0,0,1,0,0,0,0,0,0.0,0.0,0.0,0.0,0.0,0,0,0,0,0,0,0,2.28,3.0,0.6554387843269576,60.52,60.8,0.17204650534085267,819.2,4096.0,1638.4,211353.6,495616.0,168297.25826596224,675.6,676.0,0.8,105676.8,409.6,258.0,0,benign_run_03,benign_run_03.jsonl,True,0.0
136,10.0,5,5,0,0,0.0,0.0,0.0,0.0,0.0,0.0,0,0,0,0,0,0,0,0.0,0.0,0.0,0.0,0.0,0,0,0,0,0,0,0,3.5800000000000005,6.2,1.3585286158193357,60.760000000000005,61.4,0.3261901286060009,9830.4,49152.0,19660.8,449740.8,1671168.0,620412.9952805308,676.2,677.0,0.4,224870.4,4915.2,45.75,0,benign_run_03,benign_run_03.jsonl,True,0.0
137,10.0,2,2,0,0,0.0,0.0,0.0,0.0,0.0,0.0,0,0,0,0,0,0,0,0.0,0.0,0.0,0.0,0.0,0,0,0,0,0,0,0,4.25,5.7,1.4500000000000002,61.05,61.1,0.05000000000000071,24576.0,49152.0,24576.0,217088.0,409600.0,192512.0,676.0,676.0,0.0,43417.6,4915.2,8.833333333333334,0,benign_run_03,benign_run_03.jsonl,True,0.0
174,10.0,2,2,0,0,0.0,0.0,0.0,0.0,0.0,0.0,0,0,0,0,0,0,0,0.0,0.0,0.0,0.0,0.0,0,0,0,0,0,0,0,3.5,7.0,3.5,61.25,61.4,0.14999999999999858,135168.0,270336.0,135168.0,180224.0,360448.0,180224.0,671.0,671.0,0.0,36044.8,27033.6,1.3333333333333335,0,benign_run_03,benign_run_03.jsonl,True,0.0
175,10.0,7,5,2,0,0.2,0.0,0.0,0.0,0.0,0.0,0,1,0,0,0,0,0,0.0,0.0,0.0,0.0,0.0,0,0,0,0,0,0,0,3.84,4.5,0.5122499389946278,60.67999999999999,61.0,0.25612496949731456,161382.4,516096.0,181478.22485532524,719257.6,2625536.0,963170.1977369523,673.0,673.0,0.0,359628.8,80691.2,4.456852791878172,0,benign_run_03,benign_run_03.jsonl,True,0.0
176,10.0,5,5,0,0,0.0,0.0,0.0,0.0,0.0,0.0,0,0,0,0,0,0,0,0.0,0.0,0.0,0.0,0.0,0,0,0,0,0,0,0,6.0,10.4,2.6313494636782857,60.8,61.5,0.3577708763999659,188416.0,770048.0,294729.8993342888,383385.6,1474560.0,557878.207334038,673.0,673.0,0.0,191692.8,94208.0,2.034782608695652,0,benign_run_03,benign_run_03.jsonl,True,0.0
177,10.0,5,5,0,0,0.0,0.0,0.0,0.0,0.0,0.0,0,0,0,0,0,0,0,0.0,0.0,0.0,0.0,0.0,0,0,0,0,0,0,0,7.700000000000001,12.7,3.3304654329387655,61.0,61.8,0.4242640687119268,1823539.2,5804032.0,2228710.9491447653,667648.0,2084864.0,738339.647405718,673.0,673.0,0.0,333824.0,911769.6,0.3661275831087152,0,benign_run_03,benign_run_03.jsonl,True,0.0
178,10.0,5,5,0,0,0.0,0.0,0.0,0.0,0.0,0.0,0,0,0,0,0,0,0,0.0,0.0,0.0,0.0,0.0,0,0,0,0,0,0,0,3.9599999999999995,4.7,0.5462600113499066,60.52,60.8,0.2315167380558035,61440.0,147456.0,50763.96731540986,890470.4,3772416.0,1448878.8158740676,673.0,673.0,0.0,445235.2,30720.0,14.493333333333334,0,benign_run_03,benign_run_03.jsonl,True,0.0
179,10.0,5,5,0,0,0.0,0.0,0.0,0.0,0.0,0.0,0,0,0,0,0,0,0,0.0,0.0,0.0,0.0,0.0,0,0,0,0,0,0,0,3.0799999999999996,3.7,0.3429285639896451,60.52,60.7,0.11661903789690767,141721.6,606208.0,233228.98791496738,185958.4,389120.0,146350.4869627703,671.4,673.0,0.8,92979.2,70860.8,1.3121387283236994,0,benign_run_03,benign_run_03.jsonl,True,0.0
180,10.0,5,5,0,0,0.0,0.0,0.0,0.0,0.0,0.0,0,0,0,0,0,0,0,0.0,0.0,0.0,0.0,0.0,0,0,0,0,0,0,0,3.12,3.3,0.19390719429665318,60.6,60.8,0.18973665961010247,242483.2,1196032.0,476816.62493432424,110592.0,249856.0,98269.86073868224,671.4,673.0,0.8,55296.0,121241.6,0.4560810810810811,0,benign_run_03,benign_run_03.jsonl,True,0.0
181,10.0,7,5,2,0,0.2,0.0,0.0,0.0,0.0,0.0,0,2,0,0,0,0,0,0.0,0.0,0.0,0.0,0.0,0,0,0,0,0,0,0,3.34,3.7,0.349857113690718,60.52,60.7,0.11661903789690767,42598.4,114688.0,39593.725046274696,408780.8,1363968.0,499929.51069461775,672.0,672.0,0.0,204390.4,21299.2,9.596153846153845,0,benign_run_03,benign_run_03.jsonl,True,0.0
0,10.0,7,5,2,0,0.2,0.0,0.0,0.0,0.0,0.0,0,1,0,0,0,0,0,0.0,0.0,0.0,0.0,0.0,0,0,0,0,0,0,0,2.6,6.6,2.178990591994376,61.120000000000005,61.7,0.36551333764994154,349798.4,1748992.0,699596.8,993689.6,4567040.0,1791134.66906066,714.6,715.0,0.8,496844.8,174899.2,2.840749414519906,0,benign_run_04,benign_run_04.jsonl,True,0.0
1,10.0,5,5,0,0,0.0,0.0,0.0,0.0,0.0,0.0,0,0,0,0,0,0,0,0.0,0.0,0.0,0.0,0.0,0,0,0,0,0,0,0,3.1,7.6,2.3383755044902435,61.17999999999999,62.0,0.4749736834815164,43417.6,167936.0,65104.499462325955,1332838.4,5414912.0,2052893.9516857269,715.0,715.0,0.0,666419.2,21708.8,30.69811320754717,0,benign_run_04,benign_run_04.jsonl,True,0.0
2,10.0,22,5,17,0,1.7,0.0,0.0,0.0,0.0,0.0,0,15,1,0,0,0,0,0.0,0.0,0.0,0.0,0.0,0,0,0,0,0,0,0,14.620000000000001,31.1,8.511498105504106,62.17999999999999,63.0,0.6939740629159002,55269785.6,186232832.0,66657279.54411982,4662886.4,14336000.0,5161060.513560894,722.6,728.0,6.216108107168021,2331443.2,27634892.8,0.08436592162210234,0,benign_run_04,benign_run_04.jsonl,True,0.0
3,10.0,9,5,4,0,0.4,0.0,0.0,0.0,0.0,0.0,0,4,0,0,0,0,0,0.0,0.0,0.0,0.0,0.0,0,0,0,0,0,0,0,9.4,12.2,2.301303978182804,63.06,63.2,0.23323807579381256,5921996.8,8261632.0,2242363.645248504,1547468.8,3096576.0,987448.3343224393,730.2,732.0,1.8330302779823362,773734.4,2960998.4,0.2613086180661226,0,benign_run_04,benign_run_04.jsonl,True,0.0
4,10.0,11,5,6,0,0.6,0.0,0.0,0.0,0.0,0.0,0,6,1,0,0,0,0,0.0,0.0,0.0,0.0,0.0,0,0,0,0,0,0,0,6.219999999999999,8.4,1.7474552927042226,63.04,63.2,0.10198039027185714,4097638.4,11431936.0,4047129.5694758077,2311782.4,9400320.0,3562354.6622379753,734.6,736.0,1.2,1155891.2,2048819.2,0.5641743302678929,0,benign_run_04,benign_run_04.jsonl,True,0.0
5,10.0,7,5,2,0,0.2,0.0,0.0,0.0,0.0,0.0,0,2,0,0,0,0,0,0.0,0.0,0.0,0.0,0.0,0,0,0,0,0,0,0,8.040000000000001,10.9,1.8990523952750753,63.28000000000001,63.5,0.15999999999999906,10988748.8,30220288.0,10204171.507020105,1095270.4,2580480.0,984212.1225462729,736.8,738.0,0.7483314773547883,547635.2,5494374.4,0.09967198449381241,0,benign_run_04,benign_run_04.jsonl,True,0.0
6,10.0,7,5,2,0,0.2,0.0,0.0,0.0,0.0,0.0,0,2,0,0,0,0,0,0.0,0.0,0.0,0.0,0.0,0,0,0,0,0,0,0,8.419999999999998,14.9,3.4078732370791025,63.32000000000001,64.3,0.4955804677345533,9952460.8,48504832.0,19280355.80401688,5391974.4,24014848.0,9343479.537645355,737.4,738.0,0.48989794855663565,2695987.2,4976230.4,0.5417729854308997,0,benign_run_04,benign_run_04.jsonl,True,0.0
7,10.0,14,5,9,0,0.9,0.0,0.0,0.0,0.0,0.0,0,8,1,0,0,0,0,0.0,0.0,0.0,0.0,0.0,0,0,0,0,0,0,0,8.04,21.4,7.214041862922615,63.019999999999996,63.7,0.47074409183759347,15043788.8,72069120.0,28514646.40801093,2597683.2,11264000.0,4339404.083535821,744.6,747.0,2.870540018881465,1298841.6,7521894.4,0.1726747985188412,0,benign_run_04,benign_run_04.jsonl,True,0.0
8,10.0,7,5,2,0,0.2,0.0,0.0,0.0,0.0,0.0,0,2,0,0,0,0,0,0.0,0.0,0.0,0.0,0.0,0,0,0,0,0,0,0,5.14,8.2,1.6811900546934007,63.44,63.7,0.21540659228538098,5378048.0,10350592.0,2824908.7832964803,1216512.0,3538944.0,1276062.7676499302,746.6,747.0,0.48989794855663565,608256.0,2689024.0,0.2261995430312262,0,benign_run_04,benign_run_04.jsonl,True,0.0
9,10.0,5,5,0,0,0.0,0.0,0.0,0.0,0.0,0.0,0,0,0,0,0,0,0,0.0,0.0,0.0,0.0,0.0,0,0,0,0,0,0,0,7.779999999999999,12.5,3.5232939133714063,63.36,63.9,0.3555277766926236,4127129.6,14327808.0,5303421.71383727,953548.8,2150400.0,851374.661081806,747.0,747.0,0.0,476774.4,2063564.8,0.23104406510520048,0,benign_run_04,benign_run_04.jsonl,True,0.0
10,10.0,5,5,0,0,0.0,0.0,0.0,0.0,0.0,0.0,0,0,0,0,0,0,0,0.0,0.0,0.0,0.0,0.0,0,0,0,0,0,0,0,8.860000000000001,11.3,1.4650597257449953,63.93999999999998,64.2,0.2800000000000004,780697.6,1220608.0,461643.7317350253,1838284.8,4714496.0,1458715.2836479642,746.2,747.0,0.4000000000000001,919142.4,390348.8,2.354669464847849,0,benign_run_04,benign_run_04.jsonl,True,0.0
11,10.0,7,5,2,0,0.2,0.0,0.0,0.0,0.0,0.0,0,1,0,0,0,0,0,0.0,0.0,0.0,0.0,0.0,0,0,0,0,0,0,0,4.140000000000001,8.1,2.14532048887806,62.98,63.4,0.27856776554368134,1132134.4,3039232.0,1082970.6262597523,372736.0,1302528.0,496897.3057169861,747.0,747.0,0.0,186368.0,566067.2,0.32923299565846603,0,benign_run_04,benign_run_04.jsonl,True,0.0
12,10.0,5,5,0,0,0.0,0.0,0.0,0.0,0.0,0.0,0,0,0,0,0,0,0,0.0,0.0,0.0,0.0,0.0,0,0,0,0,0,0,0,8.4,11.5,1.946278500112458,63.7,63.8,0.06324555320336624,3765043.2,11968512.0,4261890.184795211,2396979.2,4202496.0,1189103.1562380786,747.0,747.0,0.0,1198489.6,1882521.6,0.6366405570060922,0,benign_run_04,benign_run_04.jsonl,True,0.0
13,10.0,5,5,0,0,0.0,0.0,0.0,0.0,0.0,0.0,0,0,0,0,0,0,0,0.0,0.0,0.0,0.0,0.0,0,0,0,0,0,0,0,9.48,12.3,1.5651198037211085,64.06,64.2,0.13564659966250686,2153676.8,6103040.0,2104281.321844054,1687552.0,3403776.0,1081759.726146985,747.0,747.0,0.0,843776.0,1076838.4,0.7835678965386079,0,benign_run_04,benign_run_04.jsonl,True,0.0
14,10.0,5,5,0,0,0.0,0.0,0.0,0.0,0.0,0.0,0,0,0,0,0,0,0,0.0,0.0,0.0,0.0,0.0,0,0,0,0,0,0,0,6.839999999999999,12.4,2.9910533261712335,64.38,65.4,0.6462197768561416,1482752.0,4583424.0,1637689.1898095927,1465548.8,3428352.0,1040349.8123516723,747.0,747.0,0.0,732774.4,741376.0,0.9883977900552486,0,benign_run_04,benign_run_04.jsonl,True,0.0
0,10.0,80,0,0,80,0.0,8.0,4.0,4.0,0.0,0.0,0,0,0,40,40,0,0,0.0,0.5,0.5,0.0,0.0,1,1,0,0,80,0,1,0.0,0.0,0.0,0.0,0.0,0.0,0.0,0.0,0.0,0.0,0.0,0.0,0.0,0.0,0.0,0.0,0.0,0.0,0,benign_run_05,benign_run_05.jsonl,True,0.0
0,10.0,85,0,0,85,0.0,8.5,4.0,4.5,0.0,0.0,0,0,0,40,45,0,0,0.0,0.5294117647058824,0.47058823529411764,0.0,0.0,1,1,0,0,80,0,1,0.0,0.0,0.0,0.0,0.0,0.0,0.0,0.0,0.0,0.0,0.0,0.0,0.0,0.0,0.0,0.0,0.0,0.0,0,benign_run_06,benign_run_06.jsonl,True,0.0
1,10.0,5,0,0,5,0.0,0.5,0.0,0.5,0.0,0.0,0,0,0,0,5,0,0,0.0,1.0,0.0,0.0,0.0,1,1,0,0,5,0,0,0.0,0.0,0.0,0.0,0.0,0.0,0.0,0.0,0.0,0.0,0.0,0.0,0.0,0.0,0.0,0.0,0.0,0.0,0,benign_run_06,benign_run_06.jsonl,True,0.0
2,10.0,5,0,0,5,0.0,0.5,0.0,0.5,0.0,0.0,0,0,0,0,5,0,0,0.0,1.0,0.0,0.0,0.0,1,1,0,0,5,0,0,0.0,0.0,0.0,0.0,0.0,0.0,0.0,0.0,0.0,0.0,0.0,0.0,0.0,0.0,0.0,0.0,0.0,0.0,0,benign_run_06,benign_run_06.jsonl,True,0.0
3,10.0,5,0,0,5,0.0,0.5,0.0,0.5,0.0,0.0,0,0,0,0,5,0,0,0.0,1.0,0.0,0.0,0.0,1,1,0,0,5,0,0,0.0,0.0,0.0,0.0,0.0,0.0,0.0,0.0,0.0,0.0,0.0,0.0,0.0,0.0,0.0,0.0,0.0,0.0,0,benign_run_06,benign_run_06.jsonl,True,0.0
4,10.0,10,0,0,10,0.0,1.0,0.0,1.0,0.0,0.0,0,0,0,0,10,0,0,0.0,1.0,0.0,0.0,0.0,1,1,0,0,5,0,1,0.0,0.0,0.0,0.0,0.0,0.0,0.0,0.0,0.0,0.0,0.0,0.0,0.0,0.0,0.0,0.0,0.0,0.0,0,benign_run_06,benign_run_06.jsonl,True,0.0
5,10.0,5,0,0,5,0.0,0.5,0.0,0.5,0.0,0.0,0,0,0,0,5,0,0,0.0,1.0,0.0,0.0,0.0,1,1,0,0,5,0,0,0.0,0.0,0.0,0.0,0.0,0.0,0.0,0.0,0.0,0.0,0.0,0.0,0.0,0.0,0.0,0.0,0.0,0.0,0,benign_run_06,benign_run_06.jsonl,True,0.0
0,10.0,6,0,0,6,0.0,0.6,0.3,0.3,0.0,0.0,0,0,0,3,3,0,0,0.0,0.5,0.5,0.0,0.0,1,1,0,0,2,0,0,0.0,0.0,0.0,0.0,0.0,0.0,0.0,0.0,0.0,0.0,0.0,0.0,0.0,0.0,0.0,0.0,0.0,0.0,0,benign_run_07,benign_run_07.jsonl,True,0.0
1,10.0,4,0,0,4,0.0,0.4,0.2,0.2,0.0,0.0,0,0,0,2,2,0,0,0.0,0.5,0.5,0.0,0.0,1,1,0,0,2,0,0,0.0,0.0,0.0,0.0,0.0,0.0,0.0,0.0,0.0,0.0,0.0,0.0,0.0,0.0,0.0,0.0,0.0,0.0,0,benign_run_07,benign_run_07.jsonl,True,0.0
2,10.0,6,0,0,6,0.0,0.6,0.3,0.3,0.0,0.0,0,0,0,3,3,0,0,0.0,0.5,0.5,0.0,0.0,1,1,0,0,2,0,0,0.0,0.0,0.0,0.0,0.0,0.0,0.0,0.0,0.0,0.0,0.0,0.0,0.0,0.0,0.0,0.0,0.0,0.0,0,benign_run_07,benign_run_07.jsonl,True,0.0
3,10.0,4,0,0,4,0.0,0.4,0.2,0.2,0.0,0.0,0,0,0,2,2,0,0,0.0,0.5,0.5,0.0,0.0,1,1,0,0,2,0,0,0.0,0.0,0.0,0.0,0.0,0.0,0.0,0.0,0.0,0.0,0.0,0.0,0.0,0.0,0.0,0.0,0.0,0.0,0,benign_run_07,benign_run_07.jsonl,True,0.0
4,10.0,6,0,0,6,0.0,0.6,0.3,0.3,0.0,0.0,0,0,0,3,3,0,0,0.0,0.5,0.5,0.0,0.0,1,1,0,0,2,0,0,0.0,0.0,0.0,0.0,0.0,0.0,0.0,0.0,0.0,0.0,0.0,0.0,0.0,0.0,0.0,0.0,0.0,0.0,0,benign_run_07,benign_run_07.jsonl,True,0.0
5,10.0,4,0,0,4,0.0,0.4,0.2,0.2,0.0,0.0,0,0,0,2,2,0,0,0.0,0.5,0.5,0.0,0.0,1,1,0,0,2,0,0,0.0,0.0,0.0,0.0,0.0,0.0,0.0,0.0,0.0,0.0,0.0,0.0,0.0,0.0,0.0,0.0,0.0,0.0,0,benign_run_07,benign_run_07.jsonl,True,0.0
6,10.0,6,0,0,6,0.0,0.6,0.3,0.3,0.0,0.0,0,0,0,3,3,0,0,0.0,0.5,0.5,0.0,0.0,1,1,0,0,2,0,0,0.0,0.0,0.0,0.0,0.0,0.0,0.0,0.0,0.0,0.0,0.0,0.0,0.0,0.0,0.0,0.0,0.0,0.0,0,benign_run_07,benign_run_07.jsonl,True,0.0
7,10.0,4,0,0,4,0.0,0.4,0.2,0.2,0.0,0.0,0,0,0,2,2,0,0,0.0,0.5,0.5,0.0,0.0,1,1,0,0,2,0,0,0.0,0.0,0.0,0.0,0.0,0.0,0.0,0.0,0.0,0.0,0.0,0.0,0.0,0.0,0.0,0.0,0.0,0.0,0,benign_run_07,benign_run_07.jsonl,True,0.0
8,10.0,6,0,0,6,0.0,0.6,0.3,0.3,0.0,0.0,0,0,0,3,3,0,0,0.0,0.5,0.5,0.0,0.0,1,1,0,0,2,0,0,0.0,0.0,0.0,0.0,0.0,0.0,0.0,0.0,0.0,0.0,0.0,0.0,0.0,0.0,0.0,0.0,0.0,0.0,0,benign_run_07,benign_run_07.jsonl,True,0.0
9,10.0,4,0,0,4,0.0,0.4,0.2,0.2,0.0,0.0,0,0,0,2,2,0,0,0.0,0.5,0.5,0.0,0.0,1,1,0,0,2,0,0,0.0,0.0,0.0,0.0,0.0,0.0,0.0,0.0,0.0,0.0,0.0,0.0,0.0,0.0,0.0,0.0,0.0,0.0,0,benign_run_07,benign_run_07.jsonl,True,0.0
10,10.0,6,0,0,6,0.0,0.6,0.3,0.3,0.0,0.0,0,0,0,3,3,0,0,0.0,0.5,0.5,0.0,0.0,1,1,0,0,2,0,0,0.0,0.0,0.0,0.0,0.0,0.0,0.0,0.0,0.0,0.0,0.0,0.0,0.0,0.0,0.0,0.0,0.0,0.0,0,benign_run_07,benign_run_07.jsonl,True,0.0
11,10.0,4,0,0,4,0.0,0.4,0.2,0.2,0.0,0.0,0,0,0,2,2,0,0,0.0,0.5,0.5,0.0,0.0,1,1,0,0,2,0,0,0.0,0.0,0.0,0.0,0.0,0.0,0.0,0.0,0.0,0.0,0.0,0.0,0.0,0.0,0.0,0.0,0.0,0.0,0,benign_run_07,benign_run_07.jsonl,True,0.0
12,10.0,12,0,0,12,0.0,1.2,0.0,1.2,0.0,0.0,0,0,0,0,12,0,0,0.0,1.0,0.0,0.0,0.0,1,1,0,0,7,0,1,0.0,0.0,0.0,0.0,0.0,0.0,0.0,0.0,0.0,0.0,0.0,0.0,0.0,0.0,0.0,0.0,0.0,0.0,0,benign_run_07,benign_run_07.jsonl,True,0.0
13,10.0,5,0,0,5,0.0,0.5,0.0,0.5,0.0,0.0,0,0,0,0,5,0,0,0.0,1.0,0.0,0.0,0.0,1,1,0,0,5,0,0,0.0,0.0,0.0,0.0,0.0,0.0,0.0,0.0,0.0,0.0,0.0,0.0,0.0,0.0,0.0,0.0,0.0,0.0,0,benign_run_07,benign_run_07.jsonl,True,0.0
14,10.0,5,0,0,5,0.0,0.5,0.0,0.5,0.0,0.0,0,0,0,0,5,0,0,0.0,1.0,0.0,0.0,0.0,1,1,0,0,5,0,0,0.0,0.0,0.0,0.0,0.0,0.0,0.0,0.0,0.0,0.0,0.0,0.0,0.0,0.0,0.0,0.0,0.0,0.0,0,benign_run_07,benign_run_07.jsonl,True,0.0
15,10.0,5,0,0,5,0.0,0.5,0.0,0.5,0.0,0.0,0,0,0,0,5,0,0,0.0,1.0,0.0,0.0,0.0,1,1,0,0,5,0,0,0.0,0.0,0.0,0.0,0.0,0.0,0.0,0.0,0.0,0.0,0.0,0.0,0.0,0.0,0.0,0.0,0.0,0.0,0,benign_run_07,benign_run_07.jsonl,True,0.0
16,10.0,5,0,0,5,0.0,0.5,0.0,0.5,0.0,0.0,0,0,0,0,5,0,0,0.0,1.0,0.0,0.0,0.0,1,1,0,0,5,0,0,0.0,0.0,0.0,0.0,0.0,0.0,0.0,0.0,0.0,0.0,0.0,0.0,0.0,0.0,0.0,0.0,0.0,0.0,0,benign_run_07,benign_run_07.jsonl,True,0.0
0,10.0,29,5,4,20,0.4,2.0,1.0,1.0,0.0,0.0,0,2,0,10,10,0,0,0.0,0.5,0.5,0.0,0.0,1,1,0,0,4,0,1,8.28,14.4,3.253551905226041,64.91999999999999,65.5,0.34871191548325314,1143603.2,1986560.0,514137.9083127016,871628.8,3256320.0,1209657.4715828279,757.6,758.0,0.8,435814.4,571801.6,0.7621776504297995,0,ransomware_run_06,ransomware_run_06.jsonl,True,0.0
1,10.0,25,5,0,20,0.0,2.0,1.0,1.0,0.0,0.0,0,0,0,10,10,0,0,0.0,0.5,0.5,0.0,0.0,1,1,0,0,2,0,1,8.8,12.1,2.0620378270051205,64.64,64.8,0.10198039027185603,403865.6,544768.0,124577.67010439711,222822.4,446464.0,153052.34420890128,758.0,758.0,0.0,111411.2,201932.8,0.5517241379310345,0,ransomware_run_06,ransomware_run_06.jsonl,True,0.0
2,10.0,25,5,0,20,0.0,2.0,1.0,1.0,0.0,0.0,0,0,0,10,10,0,0,0.0,0.5,0.5,0.0,0.0,1,1,0,0,2,0,1,8.66,9.7,0.8777243302996673,64.68,64.9,0.14696938456699316,273612.8,327680.0,39576.772048260835,1028915.2,3723264.0,1369893.4680131006,758.0,758.0,0.0,514457.6,136806.4,3.7604790419161676,0,ransomware_run_06,ransomware_run_06.jsonl,True,0.0
3,10.0,25,5,0,20,0.0,2.0,1.0,1.0,0.0,0.0,0,0,0,10,10,0,0,0.0,0.5,0.5,0.0,0.0,1,1,0,0,2,0,1,10.68,14.8,2.666383318279651,65.0,65.4,0.30331501776206443,993689.6,4034560.0,1524398.0356672728,228556.8,442368.0,155484.07367753136,758.0,758.0,0.0,114278.4,496844.8,0.23000824402308326,0,ransomware_run_06,ransomware_run_06.jsonl,True,0.0
4,10.0,25,5,0,20,0.0,2.0,1.0,1.0,0.0,0.0,0,0,0,10,10,0,0,0.0,0.5,0.5,0.0,0.0,1,1,0,0,2,0,1,9.7,13.3,1.9131126469708994,64.92,65.2,0.16000000000000228,162201.6,462848.0,154752.92955882935,1037107.2,4038656.0,1512116.2763637456,757.6,758.0,0.48989794855663565,518553.6,81100.8,6.393939393939394,0,ransomware_run_06,ransomware_run_06.jsonl,True,0.0
5,10.0,16,5,3,8,0.3,0.8,0.0,0.4,0.0,0.4,0,1,0,0,4,0,4,0.5,0.5,0.0,0.0,1.0,2,1,4,4,8,4,0,4.659999999999999,9.2,2.567956385922471,64.88,65.5,0.3487119154832549,163840.0,606208.0,226312.80344867808,576716.8,1572864.0,518129.59094589454,759.0,761.0,1.6733200530681511,288358.4,81920.0,3.5200000000000005,1,ransomware_run_06,ransomware_run_06.jsonl,True,7.76
6,10.0,21,5,0,16,0.0,1.6,0.0,0.8,0.0,0.8,0,0,0,0,8,0,8,0.5,0.5,0.0,0.0,1.0,2,1,8,8,8,4,1,2.4600000000000004,3.3,0.7391887445030532,64.74,65.0,0.16248076809271872,107315.2,303104.0,133265.48603805862,294092.8,585728.0,164665.31331935088,760.0,760.0,0.0,147046.4,53657.6,2.7404580152671754,1,ransomware_run_06,ransomware_run_06.jsonl,True,10.0
7,10.0,13,5,0,8,0.0,0.8,0.0,0.4,0.0,0.4,0,0,0,0,4,0,4,0.5,0.5,0.0,0.0,1.0,2,1,4,4,8,4,0,2.9400000000000004,4.7,1.1074294559925704,64.84,65.0,0.11999999999999982,43417.6,167936.0,63433.80396476314,286720.0,483328.0,199505.05567127868,760.0,760.0,0.0,143360.0,21708.8,6.60377358490566,1,ransomware_run_06,ransomware_run_06.jsonl,True,10.0
8,10.0,13,5,0,8,0.0,0.8,0.0,0.4,0.0,0.4,0,0,0,0,4,0,4,0.5,0.5,0.0,0.0,1.0,2,1,4,4,8,4,0,2.64,3.2,0.45431266766402184,64.7,64.9,0.1414213562373115,2457.6,12288.0,4915.2,460390.4,974848.0,351221.90912618197,760.0,760.0,0.0,230195.2,1228.8,187.33333333333334,1,ransomware_run_06,ransomware_run_06.jsonl,True,10.0
9,10.0,13,5,0,8,0.0,0.8,0.0,0.4,0.0,0.4,0,0,0,0,4,0,4,0.5,0.5,0.0,0.0,1.0,2,1,4,4,8,4,0,3.1,4.7,0.9859006035092991,64.67999999999999,64.8,0.09797958971132678,60620.8,270336.0,105145.20557476695,238387.2,684032.0,268822.4490435276,758.4,759.0,0.48989794855663565,119193.6,30310.4,3.9324324324324325,1,ransomware_run_06,ransomware_run_06.jsonl,True,10.0
10,10.0,21,5,0,16,0.0,1.6,0.0,0.8,0.0,0.8,0,0,0,0,8,0,8,0.5,0.5,0.0,0.0,1.0,2,1,8,8,8,4,1,4.76,7.3,2.3363218956299665,65.0,65.5,0.3847076812334287,124518.4,380928.0,154013.95738516687,747110.4,2949120.0,1119237.0778292865,758.0,758.0,0.0,373555.2,62259.2,6.000000000000001,1,ransomware_run_06,ransomware_run_06.jsonl,True,10.0
11,10.0,13,5,0,8,0.0,0.8,0.0,0.4,0.0,0.4,0,0,0,0,4,0,4,0.5,0.5,0.0,0.0,1.0,2,1,4,4,8,4,0,2.84,3.8,0.6406246951218787,64.75999999999999,65.0,0.13564659966250603,22937.6,98304.0,38213.72633805816,505446.4,2031616.0,778884.7451359155,758.0,758.0,0.0,252723.2,11468.8,22.03571428571429,1,ransomware_run_06,ransomware_run_06.jsonl,True,10.0
12,10.0,13,5,0,8,0.0,0.8,0.0,0.4,0.0,0.4,0,0,0,0,4,0,4,0.5,0.5,0.0,0.0,1.0,2,1,4,4,8,4,0,2.7,3.9,0.9316651759081692,64.67999999999999,64.9,0.14696938456699316,94208.0,405504.0,156679.36191853732,291635.2,712704.0,257252.27918321735,758.0,758.0,0.0,145817.6,47104.0,3.095652173913044,1,ransomware_run_06,ransomware_run_06.jsonl,True,10.0
13,10.0,13,5,0,8,0.0,0.8,0.0,0.4,0.0,0.4,0,0,0,0,4,0,4,0.5,0.5,0.0,0.0,1.0,2,1,4,4,8,4,0,4.06,6.1,1.488086019019062,65.08,65.5,0.36551333764994337,89292.8,413696.0,162697.32731719964,210534.4,401408.0,147264.72928111468,758.0,758.0,0.0,105267.2,44646.4,2.3577981651376145,1,ransomware_run_06,ransomware_run_06.jsonl,True,10.0
14,10.0,17,5,0,12,0.0,1.2,0.0,0.6,0.0,0.6,0,0,0,0,6,0,6,0.5,0.5,0.0,0.0,1.0,2,1,6,6,8,4,1,5.0200000000000005,6.8,1.479729705047513,65.22,65.5,0.2925747767665567,37683.2,151552.0,58697.26635679042,518553.6,1867776.0,704748.1948252439,758.0,758.0,0.0,259276.8,18841.6,13.760869565217392,1,ransomware_run_06,ransomware_run_06.jsonl,True,10.0
15,10.0,3,3,0,0,0.0,0.0,0.0,0.0,0.0,0.0,0,0,0,0,0,0,0,0.0,0.0,0.0,0.0,0.0,0,0,0,0,0,0,0,2.933333333333333,4.3,1.0077477638553982,65.03333333333333,65.3,0.2054804667656324,378197.3333333333,1130496.0,531958.1169010291,314026.6666666667,503808.0,213105.74740463687,758.0,758.0,0.0,94208.0,113459.2,0.8303249097472925,1,ransomware_run_06,ransomware_run_06.jsonl,True,6.31
0,10.0,8,5,3,0,0.3,0.0,0.0,0.0,0.0,0.0,0,1,0,0,0,0,0,0.0,0.0,0.0,0.0,0.0,0,0,0,0,0,0,0,3.96,6.8,2.3954957733212554,64.98,65.4,0.2993325909419183,156467.2,532480.0,211448.83435800727,864256.0,3493888.0,1339052.502539314,754.4,756.0,1.2,432128.0,78233.6,5.523560209424083,0,ransomware_run_07,ransomware_run_07.jsonl,True,0.0
1,10.0,5,5,0,0,0.0,0.0,0.0,0.0,0.0,0.0,0,0,0,0,0,0,0,0.0,0.0,0.0,0.0,0.0,0,0,0,0,0,0,0,3.2,5.5,1.4296852800529212,64.67999999999999,65.1,0.31874754901018304,5734.4,24576.0,9553.43158451454,182681.6,499712.0,200320.78353840372,756.0,756.0,0.0,91340.8,2867.2,31.85714285714286,0,ransomware_run_07,ransomware_run_07.jsonl,True,0.0
2,10.0,5,5,0,0,0.0,0.0,0.0,0.0,0.0,0.0,0,0,0,0,0,0,0,0.0,0.0,0.0,0.0,0.0,0,0,0,0,0,0,0,2.38,3.4,0.8352245207128439,64.42,64.6,0.13266499161421316,819.2,4096.0,1638.4000000000003,783155.2,3604480.0,1413100.7664778049,756.0,756.0,0.0,391577.6,409.6,955.9999999999999,0,ransomware_run_07,ransomware_run_07.jsonl,True,0.0
3,10.0,9,5,0,4,0.0,0.4,0.2,0.2,0.0,0.0,0,0,0,2,2,0,0,0.0,0.5,0.5,0.0,0.0,1,1,0,0,4,0,0,6.76,9.6,2.915887514977215,65.06,66.5,0.8731551981177236,455475.2,1273856.0,552965.4613063642,1142784.0,2830336.0,1067424.2013610147,756.0,756.0,0.0,571392.0,227737.6,2.5089928057553954,0,ransomware_run_07,ransomware_run_07.jsonl,True,0.0
4,10.0,28,5,3,20,0.3,2.0,1.0,1.0,0.0,0.0,0,2,0,10,10,0,0,0.0,0.5,0.5,0.0,0.0,1,1,0,0,2,0,1,8.92,11.8,2.529347742007809,64.78,65.3,0.292574776766553,1848115.2,3428352.0,1385447.1603981727,969113.6,3166208.0,1134000.6614956802,757.8,758.0,0.4000000000000001,484556.8,924057.6,0.5243794326241135,0,ransomware_run_07,ransomware_run_07.jsonl,True,0.0
5,10.0,25,5,0,20,0.0,2.0,1.0,1.0,0.0,0.0,0,0,0,10,10,0,0,0.0,0.5,0.5,0.0,0.0,1,1,0,0,2,0,1,9.059999999999999,11.9,1.561537703675451,64.67999999999999,64.9,0.1600000000000012,176947.2,278528.0,69819.68118632454,978124.8,4227072.0,1627868.926132617,758.0,758.0,0.0,489062.4,88473.6,5.527777777777778,0,ransomware_run_07,ransomware_run_07.jsonl,True,0.0
6,10.0,25,5,0,20,0.0,2.0,1.0,1.0,0.0,0.0,0,0,0,10,10,0,0,0.0,0.5,0.5,0.0,0.0,1,1,0,0,2,0,1,8.76,9.3,0.5919459434779499,64.46,64.6,0.10198039027185436,78643.2,147456.0,56185.415924063425,193331.2,458752.0,176297.47381332496,758.0,758.0,0.0,96665.6,39321.6,2.4583333333333335,0,ransomware_run_07,ransomware_run_07.jsonl,True,0.0
7,10.0,23,5,0,18,0.0,1.8,0.9,0.9,0.0,0.0,0,0,0,9,9,0,0,0.0,0.5,0.5,0.0,0.0,1,1,0,0,2,0,1,8.56,9.5,0.6183849933496123,64.36000000000001,64.4,0.04898979485566774,72908.8,114688.0,39830.3093756501,230195.2,430080.0,153857.01377369833,758.0,758.0,0.0,115097.6,36454.4,3.157303370786517,0,ransomware_run_07,ransomware_run_07.jsonl,True,0.0
8,10.0,23,5,0,18,0.0,1.8,0.9,0.9,0.0,0.0,0,0,0,9,9,0,0,0.0,0.5,0.5,0.0,0.0,1,1,0,0,2,0,1,8.7,10.3,0.9528903399657279,64.47999999999999,64.7,0.17204650534085103,84377.6,225280.0,79744.81771651372,587366.4,2056192.0,758340.3027711504,756.6,758.0,0.8,293683.2,42188.8,6.961165048543689,0,ransomware_run_07,ransomware_run_07.jsonl,True,0.0
9,10.0,16,5,3,8,0.3,0.8,0.0,0.4,0.0,0.4,0,1,0,0,4,0,4,0.5,0.5,0.0,0.0,1.0,2,1,4,4,8,4,0,4.279999999999999,9.0,2.541967741730803,64.56,64.9,0.2332380757938151,101580.8,344064.0,136843.18547359237,337510.4,794624.0,306665.41646400234,756.6,759.0,1.2,168755.2,50790.4,3.3225806451612905,1,ransomware_run_07,ransomware_run_07.jsonl,True,4.94
10,10.0,13,5,0,8,0.0,0.8,0.0,0.4,0.0,0.4,0,0,0,0,4,0,4,0.5,0.5,0.0,0.0,1.0,2,1,4,4,8,4,0,2.92,5.0,1.1016351483136329,64.32000000000001,64.5,0.18330302779823374,10649.6,53248.0,21299.2,198246.4,499712.0,178608.14536588188,759.0,759.0,0.0,99123.2,5324.8,18.615384615384613,1,ransomware_run_07,ransomware_run_07.jsonl,True,10.0
11,10.0,13,5,0,8,0.0,0.8,0.0,0.4,0.0,0.4,0,0,0,0,4,0,4,0.5,0.5,0.0,0.0,1.0,2,1,4,4,8,4,0,2.9,3.9,0.7615773105863908,64.36,64.6,0.20591260281973908,43417.6,86016.0,26996.33795610064,543129.6,1581056.0,591094.6668470626,759.0,759.0,0.0,271564.8,21708.8,12.50943396226415,1,ransomware_run_07,ransomware_run_07.jsonl,True,10.0
12,10.0,13,5,0,8,0.0,0.8,0.0,0.4,0.0,0.4,0,0,0,0,4,0,4,0.5,0.5,0.0,0.0,1.0,2,1,4,4,8,4,0,2.38,3.4,0.604648658313239,64.46,64.9,0.27276363393972,21299.2,53248.0,26086.085964743736,184320.0,536576.0,210583.80120797516,759.0,759.0,0.0,92160.0,10649.6,8.653846153846153,1,ransomware_run_07,ransomware_run_07.jsonl,True,10.0
13,10.0,13,5,0,8,0.0,0.8,0.0,0.4,0.0,0.4,0,0,0,0,4,0,4,0.5,0.5,0.0,0.0,1.0,2,1,4,4,8,4,0,2.4799999999999995,3.3,0.4445222154178573,64.3,64.6,0.282842712474619,17203.2,69632.0,26971.46799416005,194969.6,557056.0,219349.88291184476,757.4,759.0,0.8,97484.8,8601.6,11.333333333333334,1,ransomware_run_07,ransomware_run_07.jsonl,True,10.0
14,10.0,13,5,0,8,0.0,0.8,0.0,0.4,0.0,0.4,0,0,0,0,4,0,4,0.5,0.5,0.0,0.0,1.0,2,1,4,4,8,4,0,2.68,3.4,0.6675327707311454,64.28,64.5,0.19390719429665268,31129.6,151552.0,60232.094333835004,495616.0,1871872.0,714100.9206525363,757.0,757.0,0.0,247808.0,15564.8,15.921052631578949,1,ransomware_run_07,ransomware_run_07.jsonl,True,10.0
15,10.0,13,5,0,8,0.0,0.8,0.0,0.4,0.0,0.4,0,0,0,0,4,0,4,0.5,0.5,0.0,0.0,1.0,2,1,4,4,8,4,0,2.46,3.3,0.6621178142898739,64.32000000000001,64.5,0.13266499161421874,117145.6,528384.0,206034.9072653467,207257.6,573440.0,232566.24868935734,757.4,759.0,0.8,103628.8,58572.8,1.7692307692307692,1,ransomware_run_07,ransomware_run_07.jsonl,True,10.0
16,10.0,14,5,1,8,0.1,0.8,0.0,0.4,0.0,0.4,0,1,0,0,4,0,4,0.5,0.5,0.0,0.0,1.0,2,1,4,4,8,4,0,3.4,4.9,0.8763560920082658,64.36,64.5,0.14966629547096016,144998.4,659456.0,257437.42877025474,200704.0,598016.0,223508.02751042298,757.2,758.0,0.4,100352.0,72499.2,1.384180790960452,1,ransomware_run_07,ransomware_run_07.jsonl,True,10.0
17,10.0,13,5,0,8,0.0,0.8,0.0,0.4,0.0,0.4,0,0,0,0,4,0,4,0.5,0.5,0.0,0.0,1.0,2,1,4,4,8,4,0,11.7,17.7,4.738354144637143,63.08,63.3,0.14696938456699063,47117926.4,179650560.0,69435112.66344944,4873420.8,20045824.0,7593100.856349595,758.0,758.0,0.0,2436710.4,23558963.2,0.10343029017507867,1,ransomware_run_07,ransomware_run_07.jsonl,True,10.0
18,10.0,13,5,0,8,0.0,0.8,0.0,0.4,0.0,0.4,0,0,0,0,4,0,4,0.5,0.5,0.0,0.0,1.0,2,1,4,4,8,4,0,6.42,12.4,3.4154941077390255,65.0,67.0,1.7933209417167917,5967872.0,23490560.0,8981323.026520135,4110745.6,14798848.0,5484826.705424835,758.0,758.0,0.0,2055372.8,2983936.0,0.6888126286890872,1,ransomware_run_07,ransomware_run_07.jsonl,True,10.0
19,10.0,13,5,0,8,0.0,0.8,0.0,0.4,0.0,0.4,0,0,0,0,4,0,4,0.5,0.5,0.0,0.0,1.0,2,1,4,4,8,4,0,2.7600000000000002,4.3,1.009158064923429,62.82000000000001,63.1,0.20396078054371122,223641.6,581632.0,188248.52382911267,235110.4,602112.0,258439.0991793618,758.0,758.0,0.0,117555.2,111820.8,1.0512820512820513,1,ransomware_run_07,ransomware_run_07.jsonl,True,10.0
20,10.0,13,5,0,8,0.0,0.8,0.0,0.4,0.0,0.4,0,0,0,0,4,0,4,0.5,0.5,0.0,0.0,1.0,2,1,4,4,8,4,0,2.42,3.3,0.5635601121442148,62.760000000000005,63.0,0.2059126028197396,31948.8,98304.0,33215.50427375746,852787.2,3694592.0,1433123.3804278541,757.8,758.0,0.4,426393.6,15974.4,26.69230769230769,1,ransomware_run_07,ransomware_run_07.jsonl,True,10.0
21,10.0,9,5,0,4,0.0,0.4,0.0,0.2,0.0,0.2,0,0,0,0,2,0,2,0.5,0.5,0.0,0.0,1.0,2,1,2,2,4,2,0,2.44,3.9,0.8212186067059123,62.8,63.0,0.17888543819998254,37683.2,122880.0,47654.632070345484,158105.6,413696.0,172841.4935663309,757.0,757.0,0.0,79052.8,18841.6,4.195652173913044,1,ransomware_run_07,ransomware_run_07.jsonl,True,10.0
22,10.0,5,5,0,0,0.0,0.0,0.0,0.0,0.0,0.0,0,0,0,0,0,0,0,0.0,0.0,0.0,0.0,0.0,0,0,0,0,0,0,0,2.62,4.8,1.1249888888340185,62.67999999999999,62.9,0.22271057451320123,36864.0,126976.0,45758.021775422065,212172.8,724992.0,274662.99054834456,756.6,757.0,0.48989794855663565,106086.4,18432.0,5.7555555555555555,1,ransomware_run_07,ransomware_run_07.jsonl,True,5.158
23,10.0,3,3,0,0,0.0,0.0,0.0,0.0,0.0,0.0,0,0,0,0,0,0,0,0.0,0.0,0.0,0.0,0.0,0,0,0,0,0,0,0,2.6333333333333333,3.3,0.6236095644623235,62.56666666666666,62.9,0.2494438257849298,58709.333333333336,176128.0,83027.53543788282,521557.3333333333,1515520.0,702869.5687012081,756.0,756.0,0.0,156467.2,17612.8,8.88372093023256,0,ransomware_run_07,ransomware_run_07.jsonl,True,0.0
0,10.0,5,5,0,0,0.0,0.0,0.0,0.0,0.0,0.0,0,0,0,0,0,0,0,0.0,0.0,0.0,0.0,0.0,0,0,0,0,0,0,0,4.96,8.0,2.19508541975022,63.46,64.2,0.5678027826631352,156467.2,651264.0,251060.40990837247,566067.2,1622016.0,557606.2787962131,756.0,756.0,0.0,283033.6,78233.6,3.6178010471204183,0,ransomware_run_08,ransomware_run_08.jsonl,True,0.0
1,10.0,5,5,0,0,0.0,0.0,0.0,0.0,0.0,0.0,0,0,0,0,0,0,0,0.0,0.0,0.0,0.0,0.0,0,0,0,0,0,0,0,1.92,2.7,0.4019950248448357,62.71999999999999,62.8,0.039999999999997725,819.2,4096.0,1638.4000000000003,1544192.0,7286784.0,2874063.7023108588,756.0,756.0,0.0,772096.0,409.6,1885.0,0,ransomware_run_08,ransomware_run_08.jsonl,True,0.0
2,10.0,5,5,0,0,0.0,0.0,0.0,0.0,0.0,0.0,0,0,0,0,0,0,0,0.0,0.0,0.0,0.0,0.0,0,0,0,0,0,0,0,1.92,2.6,0.3655133376499413,62.6,62.7,0.06324555320336848,0.0,0.0,0.0,152371.2,372736.0,166871.66334689662,754.4,756.0,0.8,76185.6,0.0,76185.6,0,ransomware_run_08,ransomware_run_08.jsonl,True,0.0
3,10.0,5,5,0,0,0.0,0.0,0.0,0.0,0.0,0.0,0,0,0,0,0,0,0,0.0,0.0,0.0,0.0,0.0,0,0,0,0,0,0,0,1.8800000000000001,2.4,0.354400902933387,62.6,62.6,0.0,0.0,0.0,0.0,137625.6,380928.0,149772.52378403724,754.0,754.0,0.0,68812.8,0.0,68812.8,0,ransomware_run_08,ransomware_run_08.jsonl,True,0.0
4,10.0,5,5,0,0,0.0,0.0,0.0,0.0,0.0,0.0,0,0,0,0,0,0,0,0.0,0.0,0.0,0.0,0.0,0,0,0,0,0,0,0,1.9400000000000002,2.3,0.2870540018881465,62.6,62.6,0.0,195788.8,978944.0,391577.5999999999,437452.8,1761280.0,674413.085663794,754.0,754.0,0.0,218726.4,97894.4,2.2343096234309625,0,ransomware_run_08,ransomware_run_08.jsonl,True,0.0
5,10.0,5,5,0,0,0.0,0.0,0.0,0.0,0.0,0.0,0,0,0,0,0,0,0,0.0,0.0,0.0,0.0,0.0,0,0,0,0,0,0,0,1.78,2.2,0.24000000000000005,62.6,62.6,0.0,0.0,0.0,0.0,113049.6,278528.0,119097.14310192331,754.0,754.0,0.0,56524.8,0.0,56524.8,0,ransomware_run_08,ransomware_run_08.jsonl,True,0.0
6,10.0,15,5,4,6,0.4,0.6,0.3,0.3,0.0,0.0,0,2,0,3,3,0,0,0.0,0.5,0.5,0.0,0.0,1,1,0,0,4,0,0,5.92,12.3,3.4510288321021023,63.61999999999999,65.2,1.0998181667894036,51609.6,143360.0,53818.38505789633,1435238.4,3129344.0,1357344.4423735044,754.6,757.0,1.2,717619.2,25804.8,27.80952380952381,0,ransomware_run_08,ransomware_run_08.jsonl,True,0.0
7,10.0,25,5,0,20,0.0,2.0,1.0,1.0,0.0,0.0,0,0,0,10,10,0,0,0.0,0.5,0.5,0.0,0.0,1,1,0,0,2,0,1,8.719999999999999,11.0,1.4274452704044385,63.660000000000004,64.0,0.19595917942265456,894566.4,1261568.0,283324.7937654592,1049395.2,4476928.0,1720899.9738553546,758.4,760.0,0.8,524697.6,447283.2,1.173076923076923,0,ransomware_run_08,ransomware_run_08.jsonl,True,0.0
8,10.0,25,5,0,20,0.0,2.0,1.0,1.0,0.0,0.0,0,0,0,10,10,0,0,0.0,0.5,0.5,0.0,0.0,1,1,0,0,2,0,1,8.78,9.5,0.5268775948927795,63.760000000000005,63.9,0.174355957741626,291635.2,425984.0,72830.51977406176,164659.2,421888.0,160726.1214244903,758.0,758.0,0.0,82329.6,145817.6,0.5646067415730337,0,ransomware_run_08,ransomware_run_08.jsonl,True,0.0
9,10.0,25,5,0,20,0.0,2.0,1.0,1.0,0.0,0.0,0,0,0,10,10,0,0,0.0,0.5,0.5,0.0,0.0,1,1,0,0,2,0,1,8.34,8.7,0.20591260281973994,63.739999999999995,63.9,0.13564659966250395,176947.2,344064.0,101739.2312894097,288358.4,696320.0,249023.3259512851,758.0,758.0,0.0,144179.2,88473.6,1.6296296296296298,0,ransomware_run_08,ransomware_run_08.jsonl,True,0.0
10,10.0,25,5,0,20,0.0,2.0,1.0,1.0,0.0,0.0,0,0,0,10,10,0,0,0.0,0.5,0.5,0.0,0.0,1,1,0,0,2,0,1,8.219999999999999,8.6,0.348711915483254,63.620000000000005,63.9,0.14696938456699007,134348.8,196608.0,41963.51500243992,547225.6,2080768.0,774625.4012198669,758.0,758.0,0.0,273612.8,67174.4,4.073170731707317,0,ransomware_run_08,ransomware_run_08.jsonl,True,0.0
11,10.0,31,5,2,24,0.2,2.4,0.7,1.2,0.0,0.5,0,1,0,7,12,0,5,0.20833333333333334,0.5,0.2916666666666667,0.0,0.4166666666666667,2,1,5,5,10,5,1,8.42,9.0,0.4791659420284376,63.7,64.0,0.2097617696340299,108953.6,262144.0,101910.58724509442,212172.8,397312.0,144732.03103998784,757.2,758.0,0.4000000000000001,106086.4,54476.8,1.9473684210526314,1,ransomware_run_08,ransomware_run_08.jsonl,True,0.382
12,10.0,19,5,4,10,0.4,1.0,0.0,0.5,0.0,0.5,0,1,0,0,5,0,5,0.5,0.5,0.0,0.0,1.0,2,1,5,5,10,5,1,3.5400000000000005,5.5,1.1637869220780925,63.879999999999995,64.2,0.27856776554368345,43417.6,212992.0,84802.03928113994,243302.4,479232.0,178476.5905833031,759.8,761.0,1.469693845669907,121651.2,21708.8,5.60377358490566,1,ransomware_run_08,ransomware_run_08.jsonl,True,10.0
13,10.0,15,5,0,10,0.0,1.0,0.0,0.5,0.0,0.5,0,0,0,0,5,0,5,0.5,0.5,0.0,0.0,1.0,2,1,5,5,10,5,1,2.7800000000000002,3.4,0.7110555533852472,63.92,64.2,0.20396078054371208,43417.6,151552.0,59728.61299444345,389939.2,1343488.0,488722.66390761954,760.0,760.0,0.0,194969.6,21708.8,8.981132075471699,1,ransomware_run_08,ransomware_run_08.jsonl,True,10.0
14,10.0,15,5,0,10,0.0,1.0,0.0,0.5,0.0,0.5,0,0,0,0,5,0,5,0.5,0.5,0.0,0.0,1.0,2,1,5,5,10,5,1,2.4000000000000004,3.4,0.6723094525588644,63.81999999999999,64.2,0.2315167380558051,0.0,0.0,0.0,205619.2,565248.0,224861.07375924362,760.0,760.0,0.0,102809.6,0.0,102809.6,1,ransomware_run_08,ransomware_run_08.jsonl,True,10.0
15,10.0,25,5,0,20,0.0,2.0,0.0,1.0,0.0,1.0,0,0,0,0,10,0,10,0.5,0.5,0.0,0.0,1.0,2,1,10,10,10,5,1,2.88,4.0,0.8657944328765343,63.85999999999999,64.0,0.13564659966250395,24576.0,69632.0,30541.990923972196,237568.0,577536.0,206675.57169631828,760.0,760.0,0.0,118784.0,12288.0,9.666666666666666,1,ransomware_run_08,ransomware_run_08.jsonl,True,10.0
16,10.0,15,5,0,10,0.0,1.0,0.0,0.5,0.0,0.5,0,0,0,0,5,0,5,0.5,0.5,0.0,0.0,1.0,2,1,5,5,10,5,1,2.8,3.8,0.737563556583431,63.85999999999999,64.1,0.18547236990991167,16384.0,65536.0,25381.98365770493,473497.6,1683456.0,621262.6144031523,759.4,760.0,0.48989794855663565,236748.8,8192.0,28.9,1,ransomware_run_08,ransomware_run_08.jsonl,True,10.0
17,10.0,15,5,0,10,0.0,1.0,0.0,0.5,0.0,0.5,0,0,0,0,5,0,5,0.5,0.5,0.0,0.0,1.0,2,1,5,5,10,5,1,2.46,3.5,0.6468384651518492,63.86,64.2,0.24166091947189183,10649.6,49152.0,19316.451119188536,193331.2,385024.0,139249.54277899803,759.8,762.0,1.16619037896906,96665.6,5324.8,18.153846153846153,1,ransomware_run_08,ransomware_run_08.jsonl,True,10.0
18,10.0,15,5,0,10,0.0,1.0,0.0,0.5,0.0,0.5,0,0,0,0,5,0,5,0.5,0.5,0.0,0.0,1.0,2,1,5,5,10,5,1,2.42,3.4,0.5635601121442148,63.779999999999994,64.2,0.2638181191654592,30310.4,81920.0,37325.32674525435,204800.0,552960.0,219585.33371789657,759.0,759.0,0.0,102400.0,15155.2,6.756756756756756,1,ransomware_run_08,ransomware_run_08.jsonl,True,10.0
19,10.0,15,5,0,10,0.0,1.0,0.0,0.5,0.0,0.5,0,0,0,0,5,0,5,0.5,0.5,0.0,0.0,1.0,2,1,5,5,10,5,1,2.56,4.1,0.8731551981177228,63.779999999999994,64.1,0.203960780543709,819.2,4096.0,1638.4,450560.0,1622016.0,599512.2541906879,759.0,759.0,0.0,225280.0,409.6,550.0,1,ransomware_run_08,ransomware_run_08.jsonl,True,9.69
20,10.0,5,5,0,0,0.0,0.0,0.0,0.0,0.0,0.0,0,0,0,0,0,0,0,0.0,0.0,0.0,0.0,0.0,0,0,0,0,0,0,0,5.4799999999999995,7.4,1.8170305445974209,64.28,64.6,0.19390719429665093,7372.8,32768.0,12796.313069005464,253132.8,479232.0,195999.48496911925,758.0,758.0,0.0,126566.4,3686.4,34.33333333333333,0,ransomware_run_08,ransomware_run_08.jsonl,True,0.0
0,10.0,8,5,3,0,0.3,0.0,0.0,0.0,0.0,0.0,0,1,0,0,0,0,0,0.0,0.0,0.0,0.0,0.0,0,0,0,0,0,0,0,4.7,9.8,3.158480647399949,67.28,67.6,0.3310589071449336,1021542.4,4710400.0,1848485.5458717118,849510.4,3461120.0,1317113.6221264435,765.6,766.0,0.8,424755.2,510771.2,0.8315958299919808,0,ransomware_run_09,ransomware_run_09.jsonl,True,0.0
1,10.0,5,5,0,0,0.0,0.0,0.0,0.0,0.0,0.0,0,0,0,0,0,0,0,0.0,0.0,0.0,0.0,0.0,0,0,0,0,0,0,0,4.6,5.7,0.7771743691090178,67.02000000000001,67.2,0.16000000000000122,38502.4,86016.0,33736.7208459862,177766.4,491520.0,193851.17870531505,766.0,766.0,0.0,88883.2,19251.2,4.617021276595745,0,ransomware_run_09,ransomware_run_09.jsonl,True,0.0
2,10.0,5,5,0,0,0.0,0.0,0.0,0.0,0.0,0.0,0,0,0,0,0,0,0,0.0,0.0,0.0,0.0,0.0,0,0,0,0,0,0,0,5.74,10.9,2.691170748949238,67.16000000000001,67.9,0.392937654087772,1676902.4,5951488.0,2320833.648789641,903577.6,4104192.0,1604123.712802426,766.0,766.0,0.0,451788.8,838451.2,0.5388373229115779,0,ransomware_run_09,ransomware_run_09.jsonl,True,0.0
3,10.0,15,5,2,8,0.2,0.8,0.4,0.4,0.0,0.0,0,2,0,4,4,0,0,0.0,0.5,0.5,0.0,0.0,1,1,0,0,2,0,0,8.0,13.0,2.5234896472940007,67.4,68.1,0.5477225575051641,1583513.6,3473408.0,1053115.2946768175,1513881.6,5869568.0,2194651.3247746304,766.6,767.0,0.48989794855663565,756940.8,791756.8,0.9560269011898603,0,ransomware_run_09,ransomware_run_09.jsonl,True,0.0
4,10.0,15,5,0,10,0.0,1.0,0.5,0.5,0.0,0.0,0,0,0,5,5,0,0,0.0,0.5,0.5,0.0,0.0,1,1,0,0,2,0,1,6.140000000000001,6.8,0.5276362383309169,67.0,67.4,0.23664319132398443,1064960.0,3264512.0,1100326.1908681444,740556.8,2633728.0,968661.6535353095,767.4,769.0,0.8,370278.4,532480.0,0.6953846153846154,0,ransomware_run_09,ransomware_run_09.jsonl,True,0.0
5,10.0,18,5,3,10,0.3,1.0,0.5,0.5,0.0,0.0,0,2,0,5,5,0,0,0.0,0.5,0.5,0.0,0.0,1,1,0,0,2,0,1,7.06,10.5,1.7828067758453243,67.02,67.2,0.13266499161421702,484966.4,1228800.0,378702.61274493474,226918.4,561152.0,201506.5489055877,769.0,769.0,0.0,113459.2,242483.2,0.4679054054054054,0,ransomware_run_09,ransomware_run_09.jsonl,True,0.0
6,10.0,15,5,0,10,0.0,1.0,0.5,0.5,0.0,0.0,0,0,0,5,5,0,0,0.0,0.5,0.5,0.0,0.0,1,1,0,0,2,0,1,6.26,8.1,1.0209799214480175,67.02000000000001,67.4,0.19390719429665326,269516.8,442368.0,109919.42446428657,847052.8,3215360.0,1195483.122274907,769.0,769.0,0.0,423526.4,134758.4,3.1428571428571432,0,ransomware_run_09,ransomware_run_09.jsonl,True,0.0
7,10.0,15,5,0,10,0.0,1.0,0.5,0.5,0.0,0.0,0,0,0,5,5,0,0,0.0,0.5,0.5,0.0,0.0,1,1,0,0,2,0,1,6.779999999999999,8.7,1.3407460609675494,66.97999999999999,67.4,0.27129319932501395,2183987.2,9199616.0,3510574.909311032,244940.8,577536.0,220688.8917896866,768.6,769.0,0.8,122470.4,1091993.6,0.11215303825956488,0,ransomware_run_09,ransomware_run_09.jsonl,True,0.0
8,10.0,15,5,0,10,0.0,1.0,0.5,0.5,0.0,0.0,0,0,0,5,5,0,0,0.0,0.5,0.5,0.0,0.0,1,1,0,0,2,0,1,6.74,8.2,0.8260750571225352,66.88,67.4,0.29933259094191955,983859.2,2596864.0,918393.7171854782,333414.4,618496.0,231220.56049201163,767.0,767.0,0.0,166707.2,491929.6,0.33888426311407166,0,ransomware_run_09,ransomware_run_09.jsonl,True,0.0
9,10.0,13,5,0,8,0.0,0.8,0.4,0.4,0.0,0.0,0,0,0,4,4,0,0,0.0,0.5,0.5,0.0,0.0,1,1,0,0,2,0,0,8.7,9.7,0.9186947262284682,67.02000000000001,67.1,0.039999999999997725,103219.2,184320.0,48974.18503007477,749568.0,2678784.0,984039.5984487616,767.0,767.0,0.0,374784.0,51609.6,7.261904761904762,0,ransomware_run_09,ransomware_run_09.jsonl,True,0.0
10,10.0,15,5,0,10,0.0,1.0,0.5,0.5,0.0,0.0,0,0,0,5,5,0,0,0.0,0.5,0.5,0.0,0.0,1,1,0,0,2,0,1,6.459999999999999,7.3,0.7337574531137656,66.94,67.3,0.20591260281973853,78643.2,163840.0,47935.45142543251,167936.0,356352.0,137737.70672114444,767.0,767.0,0.0,83968.0,39321.6,2.135416666666667,0,ransomware_run_09,ransomware_run_09.jsonl,True,0.0
11,10.0,17,5,0,12,0.0,1.2,0.2,0.6,0.0,0.4,0,0,0,2,6,0,4,0.3333333333333333,0.5,0.16666666666666666,0.0,0.6666666666666666,2,1,4,4,8,4,1,5.3,6.6,1.1349008767288884,66.97999999999999,67.1,0.09797958971132678,478412.8,2162688.0,843188.8349257003,344064.0,897024.0,311037.1976828495,767.0,767.0,0.0,172032.0,239206.4,0.7191780821917808,1,ransomware_run_09,ransomware_run_09.jsonl,True,1.959
12,10.0,15,5,2,8,0.2,0.8,0.0,0.4,0.0,0.4,0,1,0,0,4,0,4,0.5,0.5,0.0,0.0,1.0,2,1,4,4,8,4,0,3.7,5.0,0.8921883209278185,66.9,67.1,0.1414213562373075,76185.6,200704.0,69733.12186787567,583270.4,1970176.0,708144.2662942631,769.0,769.0,0.0,291635.2,38092.8,7.655913978494623,1,ransomware_run_09,ransomware_run_09.jsonl,True,10.0
13,10.0,13,5,0,8,0.0,0.8,0.0,0.4,0.0,0.4,0,0,0,0,4,0,4,0.5,0.5,0.0,0.0,1.0,2,1,4,4,8,4,0,3.4200000000000004,5.5,1.0906878563548785,66.91999999999999,67.2,0.172046505340853,61440.0,172032.0,59526.02808183996,975667.2,2961408.0,1059987.188542654,769.4,771.0,0.8,487833.6,30720.0,15.879999999999999,1,ransomware_run_09,ransomware_run_09.jsonl,True,10.0
14,10.0,13,5,0,8,0.0,0.8,0.0,0.4,0.0,0.4,0,0,0,0,4,0,4,0.5,0.5,0.0,0.0,1.0,2,1,4,4,8,4,0,4.040000000000001,4.9,0.7552483035399683,66.8,67.0,0.1414213562373115,20480.0,81920.0,31727.47957213116,213811.2,417792.0,174595.33322331385,769.0,769.0,0.0,106905.6,10240.0,10.440000000000001,1,ransomware_run_09,ransomware_run_09.jsonl,True,10.0
15,10.0,21,5,0,16,0.0,1.6,0.0,0.8,0.0,0.8,0,0,0,0,8,0,8,0.5,0.5,0.0,0.0,1.0,2,1,8,8,8,4,1,3.9200000000000004,5.2,0.9389355675444402,66.86000000000001,67.2,0.28705400188814423,140083.2,622592.0,241773.664609196,530841.6,1626112.0,574443.2275745271,768.6,769.0,0.48989794855663565,265420.8,70041.6,3.7894736842105257,1,ransomware_run_09,ransomware_run_09.jsonl,True,10.0
16,10.0,13,5,0,8,0.0,0.8,0.0,0.4,0.0,0.4,0,0,0,0,4,0,4,0.5,0.5,0.0,0.0,1.0,2,1,4,4,8,4,0,7.280000000000001,11.7,3.4049375912048667,65.72,67.0,1.262378707044759,13068697.6,30126080.0,13885175.291966515,3504537.6,15757312.0,6137853.799612552,768.2,769.0,0.4,1752268.8,6534348.8,0.2681627280135398,1,ransomware_run_09,ransomware_run_09.jsonl,True,10.0
17,10.0,13,5,0,8,0.0,0.8,0.0,0.4,0.0,0.4,0,0,0,0,4,0,4,0.5,0.5,0.0,0.0,1.0,2,1,4,4,8,4,0,2.5799999999999996,3.7,0.6968500556073739,63.42,63.6,0.11661903789690767,146636.8,401408.0,150928.5685221986,308019.2,729088.0,260878.8671720268,768.0,768.0,0.0,154009.6,73318.4,2.1005586592178775,1,ransomware_run_09,ransomware_run_09.jsonl,True,10.0
18,10.0,13,5,0,8,0.0,0.8,0.0,0.4,0.0,0.4,0,0,0,0,4,0,4,0.5,0.5,0.0,0.0,1.0,2,1,4,4,8,4,0,2.22,2.7,0.2925747767665559,63.260000000000005,63.5,0.13564659966250436,53248.0,118784.0,42170.901057482755,820019.2,2756608.0,987431.3437015051,768.0,768.0,0.0,410009.6,26624.0,15.399999999999999,1,ransomware_run_09,ransomware_run_09.jsonl,True,10.0
19,10.0,13,5,0,8,0.0,0.8,0.0,0.4,0.0,0.4,0,0,0,0,4,0,4,0.5,0.5,0.0,0.0,1.0,2,1,4,4,8,4,0,2.72,5.3,1.304453908729626,63.480000000000004,64.2,0.3867815921162748,242483.2,950272.0,357225.6839178281,233472.0,512000.0,199572.31968386797,767.8,768.0,0.4,116736.0,121241.6,0.9628378378378378,1,ransomware_run_09,ransomware_run_09.jsonl,True,8.145
20,10.0,4,4,0,0,0.0,0.0,0.0,0.0,0.0,0.0,0,0,0,0,0,0,0,0.0,0.0,0.0,0.0,0.0,0,0,0,0,0,0,0,2.625,3.5,0.6832825184358224,63.35,63.6,0.18027756377319956,744448.0,2842624.0,1211946.7199906108,102400.0,331776.0,132757.16706829806,767.0,767.0,0.0,40960.0,297779.2,0.1375515818431912,0,ransomware_run_09,ransomware_run_09.jsonl,True,0.0
0,10.0,5,5,0,0,0.0,0.0,0.0,0.0,0.0,0.0,0,0,0,0,0,0,0,0.0,0.0,0.0,0.0,0.0,0,0,0,0,0,0,0,4.2,7.6,1.7663521732655694,63.0,63.2,0.10954451150103478,49152.0,237568.0,94225.80701272874,2332262.4,7933952.0,2905667.409995136,763.0,763.0,0.0,1166131.2,24576.0,47.449999999999996,0,ransomware_run_10,ransomware_run_10.jsonl,True,0.0
1,10.0,8,5,3,0,0.3,0.0,0.0,0.0,0.0,0.0,0,1,0,0,0,0,0,0.0,0.0,0.0,0.0,0.0,0,0,0,0,0,0,0,8.1,9.8,1.489966442575134,64.74,65.8,0.6770524351924287,7840563.2,32395264.0,12533100.981785703,1467187.2,3678208.0,1572564.0247278202,764.4,766.0,1.3564659966250538,733593.6,3920281.6,0.18712778184097795,0,ransomware_run_10,ransomware_run_10.jsonl,True,0.0
2,10.0,5,5,0,0,0.0,0.0,0.0,0.0,0.0,0.0,0,0,0,0,0,0,0,0.0,0.0,0.0,0.0,0.0,0,0,0,0,0,0,0,7.340000000000001,8.2,0.7310266752998823,64.34,64.5,0.22449944320643764,0.0,0.0,0.0,170393.6,458752.0,180197.93266028332,766.0,766.0,0.0,85196.8,0.0,85196.8,0,ransomware_run_10,ransomware_run_10.jsonl,True,0.0
3,10.0,5,5,0,0,0.0,0.0,0.0,0.0,0.0,0.0,0,0,0,0,0,0,0,0.0,0.0,0.0,0.0,0.0,0,0,0,0,0,0,0,6.780000000000001,13.0,4.003198721022978,63.68000000000001,64.6,0.4874423042781551,2190540.8,6414336.0,2605605.166769701,2650112.0,7417856.0,2708943.412302885,766.0,766.0,0.0,1325056.0,1095270.4,1.2097980553477936,0,ransomware_run_10,ransomware_run_10.jsonl,True,0.0
4,10.0,5,5,0,0,0.0,0.0,0.0,0.0,0.0,0.0,0,0,0,0,0,0,0,0.0,0.0,0.0,0.0,0.0,0,0,0,0,0,0,0,2.5799999999999996,3.2,0.3709447398198282,63.17999999999999,63.2,0.04000000000000057,5734.4,28672.0,11468.8,185139.2,532480.0,212651.44466417338,766.0,766.0,0.0,92569.6,2867.2,32.28571428571429,0,ransomware_run_10,ransomware_run_10.jsonl,True,0.0
5,10.0,5,5,0,0,0.0,0.0,0.0,0.0,0.0,0.0,0,0,0,0,0,0,0,0.0,0.0,0.0,0.0,0.0,0,0,0,0,0,0,0,4.86,7.5,2.2878811157925143,63.36,63.8,0.23323807579380973,30310.4,65536.0,26367.552617563884,337510.4,1044480.0,367012.57126458216,765.0,767.0,1.6733200530681511,168755.2,15155.2,11.135135135135135,0,ransomware_run_10,ransomware_run_10.jsonl,True,0.0
6,10.0,28,5,5,18,0.5,1.8,0.9,0.9,0.0,0.0,0,3,1,9,9,0,0,0.0,0.5,0.5,0.0,0.0,1,1,0,0,4,0,1,11.080000000000002,13.7,2.4498163196452096,64.97999999999999,65.3,0.31874754901018426,1040384.0,2543616.0,830262.3321105203,2576384.0,8462336.0,3161652.493037905,765.6,767.0,1.7435595774162693,1288192.0,520192.0,2.4763779527559056,0,ransomware_run_10,ransomware_run_10.jsonl,True,0.0
7,10.0,23,5,0,18,0.0,1.8,0.9,0.9,0.0,0.0,0,0,0,9,9,0,0,0.0,0.5,0.5,0.0,0.0,1,1,0,0,2,0,1,10.14,11.5,0.9350935782048768,64.61999999999999,65.0,0.2856571371417121,627507.2,1015808.0,234102.07751525828,453836.8,782336.0,240869.87624557788,767.0,767.0,0.0,226918.4,313753.6,0.7232375979112272,0,ransomware_run_10,ransomware_run_10.jsonl,True,0.0
8,10.0,25,5,0,20,0.0,2.0,1.0,1.0,0.0,0.0,0,0,0,10,10,0,0,0.0,0.5,0.5,0.0,0.0,1,1,0,0,2,0,1,11.260000000000002,15.0,2.431953946932384,64.99999999999999,65.7,0.47749345545253313,289177.6,425984.0,112609.46204222806,363724.8,720896.0,227103.16232619924,767.0,767.0,0.0,181862.4,144588.8,1.2577903682719547,0,ransomware_run_10,ransomware_run_10.jsonl,True,0.0
9,10.0,25,5,0,20,0.0,2.0,1.0,1.0,0.0,0.0,0,0,0,10,10,0,0,0.0,0.5,0.5,0.0,0.0,1,1,0,0,2,0,1,12.819999999999999,15.4,1.596746692496966,64.74000000000001,65.1,0.24166091947188947,790528.0,2936832.0,1074376.9741449228,942899.2,3620864.0,1349086.8546364834,767.0,767.0,0.0,471449.6,395264.0,1.1927461139896371,0,ransomware_run_10,ransomware_run_10.jsonl,True,0.0
10,10.0,25,5,0,20,0.0,2.0,1.0,1.0,0.0,0.0,0,0,0,10,10,0,0,0.0,0.5,0.5,0.0,0.0,1,1,0,0,2,0,1,9.64,11.9,1.3573503600765722,64.50000000000001,64.7,0.1414213562373095,220364.8,495616.0,149364.2217807196,293273.6,667648.0,262177.2778877681,767.0,769.0,1.0954451150103321,146636.8,110182.4,1.3308550185873607,0,ransomware_run_10,ransomware_run_10.jsonl,True,0.0
11,10.0,17,5,0,12,0.0,1.2,0.2,0.6,0.0,0.4,0,0,0,2,6,0,4,0.3333333333333333,0.5,0.16666666666666666,0.0,0.6666666666666666,2,1,4,4,8,4,1,6.62,10.9,3.4184206879785877,64.41999999999999,64.9,0.2561249694973149,112230.4,167936.0,64065.42064358901,222003.2,536576.0,203640.00446906302,766.0,766.0,0.0,111001.6,56115.2,1.978102189781022,1,ransomware_run_10,ransomware_run_10.jsonl,True,1.824
12,10.0,16,5,3,8,0.3,0.8,0.0,0.4,0.0,0.4,0,1,0,0,4,0,4,0.5,0.5,0.0,0.0,1.0,2,1,4,4,8,4,0,3.28,6.0,1.460684770920817,64.46000000000001,64.8,0.2059126028197388,16384.0,81920.0,32768.0,598016.0,2048000.0,749270.2534322313,769.0,769.0,0.0,299008.0,8192.0,36.5,1,ransomware_run_10,ransomware_run_10.jsonl,True,10.0
13,10.0,13,5,0,8,0.0,0.8,0.0,0.4,0.0,0.4,0,0,0,0,4,0,4,0.5,0.5,0.0,0.0,1.0,2,1,4,4,8,4,0,7.659999999999999,11.5,2.5873538606073967,64.32000000000001,64.9,0.3370459909270578,345702.4,1572864.0,614567.094078295,278528.0,778240.0,284570.3185309389,769.0,769.0,0.0,139264.0,172851.2,0.8056872037914692,1,ransomware_run_10,ransomware_run_10.jsonl,True,10.0
14,10.0,13,5,0,8,0.0,0.8,0.0,0.4,0.0,0.4,0,0,0,0,4,0,4,0.5,0.5,0.0,0.0,1.0,2,1,4,4,8,4,0,5.62,6.9,1.2702755606560336,63.98,64.0,0.04000000000000057,323584.0,1503232.0,590222.0878821801,919961.6,3084288.0,1102500.1654627721,769.0,769.0,0.0,459980.8,161792.0,2.8430379746835444,1,ransomware_run_10,ransomware_run_10.jsonl,True,10.0
15,10.0,13,5,0,8,0.0,0.8,0.0,0.4,0.0,0.4,0,0,0,0,4,0,4,0.5,0.5,0.0,0.0,1.0,2,1,4,4,8,4,0,3.46,4.3,0.6945502141674134,63.760000000000005,63.8,0.04898979485566078,146636.8,712704.0,283097.3149702413,998604.8,3502080.0,1268182.456420905,768.0,769.0,0.8944271909999159,499302.4,73318.4,6.810055865921789,1,ransomware_run_10,ransomware_run_10.jsonl,True,10.0
16,10.0,17,5,4,8,0.4,0.8,0.0,0.4,0.0,0.4,0,1,0,0,4,0,4,0.5,0.5,0.0,0.0,1.0,2,1,4,4,8,4,0,7.159999999999999,10.9,2.965535364820322,63.9,64.2,0.1673320053068158,4787404.8,11370496.0,5115345.746066531,2179891.2,5861376.0,2143034.7155831517,767.6,769.0,0.8,1089945.6,2393702.4,0.45533880903490764,1,ransomware_run_10,ransomware_run_10.jsonl,True,10.0
17,10.0,14,5,1,8,0.1,0.8,0.0,0.4,0.0,0.4,0,1,0,0,4,0,4,0.5,0.5,0.0,0.0,1.0,2,1,4,4,8,4,0,6.4799999999999995,9.6,2.3591523901605,63.86,63.9,0.04898979485566426,67174.4,278528.0,106451.88009161697,304742.4,790528.0,319798.7247964569,770.0,770.0,0.0,152371.2,33587.2,4.536585365853659,1,ransomware_run_10,ransomware_run_10.jsonl,True,10.0
18,10.0,14,5,1,8,0.1,0.8,0.0,0.4,0.0,0.4,0,1,0,0,4,0,4,0.5,0.5,0.0,0.0,1.0,2,1,4,4,8,4,0,8.26,12.6,2.616562630628206,64.28,65.0,0.47916594202843893,223641.6,823296.0,303354.0849381132,2060288.0,4669440.0,2065196.538505718,770.0,770.0,0.0,1030144.0,111820.8,9.212454212454212,1,ransomware_run_10,ransomware_run_10.jsonl,True,10.0
19,10.0,13,5,0,8,0.0,0.8,0.0,0.4,0.0,0.4,0,0,0,0,4,0,4,0.5,0.5,0.0,0.0,1.0,2,1,4,4,8,4,0,9.36,12.4,1.7141761869772898,64.58000000000001,65.3,0.549181208709839,1758003.2,4825088.0,2140553.14069447,934707.2,2785280.0,985199.6330925829,770.0,770.0,0.0,467353.6,879001.6,0.5316868592730661,1,ransomware_run_10,ransomware_run_10.jsonl,True,10.0
20,10.0,13,5,0,8,0.0,0.8,0.0,0.4,0.0,0.4,0,0,0,0,4,0,4,0.5,0.5,0.0,0.0,1.0,2,1,4,4,8,4,0,9.180000000000001,10.3,1.182201336490532,64.8,65.0,0.25298221281346944,890470.4,4296704.0,1703251.7518442892,1015808.0,4427776.0,1715172.7950081297,770.0,770.0,0.0,507904.0,445235.2,1.140754369825207,1,ransomware_run_10,ransomware_run_10.jsonl,True,10.0
21,10.0,13,5,0,8,0.0,0.8,0.0,0.4,0.0,0.4,0,0,0,0,4,0,4,0.5,0.5,0.0,0.0,1.0,2,1,4,4,8,4,0,5.819999999999999,11.2,3.151761412289959,65.08000000000001,66.4,0.762627038597506,63078.4,315392.0,126156.8,2763980.8,5734400.0,2373358.835153117,767.0,767.0,0.0,1381990.4,31539.2,43.81818181818181,1,ransomware_run_10,ransomware_run_10.jsonl,True,10.0
22,10.0,13,5,0,8,0.0,0.8,0.0,0.4,0.0,0.4,0,0,0,0,4,0,4,0.5,0.5,0.0,0.0,1.0,2,1,4,4,8,4,0,3.3,4.7,0.9208691546577071,64.55999999999999,64.8,0.1624807680927187,6553.6,16384.0,8026.487989151919,249856.0,647168.0,272610.2639182905,767.0,767.0,0.0,124928.0,3276.8,38.125,1,ransomware_run_10,ransomware_run_10.jsonl,True,10.0
23,10.0,10,5,1,4,0.1,0.4,0.0,0.2,0.0,0.2,0,1,0,0,2,0,2,0.5,0.5,0.0,0.0,1.0,2,1,2,2,4,2,0,3.5799999999999996,5.6,1.2983065893693984,64.52,64.7,0.1600000000000012,11468.8,45056.0,17066.12052459492,1090355.2,4169728.0,1561865.3311112835,767.0,767.0,0.0,545177.6,5734.4,95.07142857142857,1,ransomware_run_10,ransomware_run_10.jsonl,True,10.0
24,10.0,5,5,0,0,0.0,0.0,0.0,0.0,0.0,0.0,0,0,0,0,0,0,0,0.0,0.0,0.0,0.0,0.0,0,0,0,0,0,0,0,3.7,7.3,1.8836135484753764,64.6,64.9,0.17888543819998412,13926.4,69632.0,27852.8,167116.8,462848.0,182175.7876408388,766.8,767.0,0.4,83558.4,6963.2,12.0,1,ransomware_run_10,ransomware_run_10.jsonl,True,8.279
25,10.0,4,4,0,0,0.0,0.0,0.0,0.0,0.0,0.0,0,0,0,0,0,0,0,0.0,0.0,0.0,0.0,0.0,0,0,0,0,0,0,0,8.825,10.3,1.4480590457574585,65.025,65.5,0.27726341266023474,21504.0,69632.0,28580.425189279464,293888.0,671744.0,278503.52833671606,766.0,766.0,0.0,117555.2,8601.6,13.666666666666666,0,ransomware_run_10,ransomware_run_10.jsonl,True,0.0
0,10.0,6,5,1,0,0.1,0.0,0.0,0.0,0.0,0.0,0,1,0,0,0,0,0,0.0,0.0,0.0,0.0,0.0,0,0,0,0,0,0,0,8.48,12.5,2.261327044016411,65.5,65.8,0.17888543819998096,303923.2,1228800.0,465305.60000000003,904396.8,3121152.0,1155154.4980468026,763.0,763.0,0.0,452198.4,151961.6,2.975741239892183,0,ransomware_run_11,ransomware_run_11.jsonl,True,0.0
1,10.0,5,5,0,0,0.0,0.0,0.0,0.0,0.0,0.0,0,0,0,0,0,0,0,0.0,0.0,0.0,0.0,0.0,0,0,0,0,0,0,0,5.540000000000001,9.9,2.691170748949238,64.82000000000001,65.5,0.5192301994298877,81920.0,278528.0,103102.10501051859,580812.8,1486848.0,489874.7504537869,763.0,763.0,0.0,290406.4,40960.0,7.090000000000001,0,ransomware_run_11,ransomware_run_11.jsonl,True,0.0
2,10.0,5,5,0,0,0.0,0.0,0.0,0.0,0.0,0.0,0,0,0,0,0,0,0,0.0,0.0,0.0,0.0,0.0,0,0,0,0,0,0,0,4.16,5.1,0.9911609354691094,64.12,64.2,0.040000000000003415,6553.6,32768.0,13107.200000000003,1789952.0,7880704.0,3054462.7528807744,763.0,763.0,0.0,894976.0,3276.8,273.125,0,ransomware_run_11,ransomware_run_11.jsonl,True,0.0
3,10.0,5,5,0,0,0.0,0.0,0.0,0.0,0.0,0.0,0,0,0,0,0,0,0,0.0,0.0,0.0,0.0,0.0,0,0,0,0,0,0,0,4.14,6.7,1.426323946374035,64.17999999999999,64.6,0.21354156504062527,36044.8,180224.0,72089.6,202342.4,425984.0,159598.99880588223,763.0,763.0,0.0,101171.2,18022.4,5.613636363636363,0,ransomware_run_11,ransomware_run_11.jsonl,True,0.0
4,10.0,7,5,2,0,0.2,0.0,0.0,0.0,0.0,0.0,0,1,0,0,0,0,0,0.0,0.0,0.0,0.0,0.0,0,0,0,0,0,0,0,10.86,13.8,2.578836947152728,65.7,66.9,0.7974960814950757,135987.2,561152.0,214896.00664730836,1062502.4,2818048.0,883113.5582973687,763.8,765.0,0.9797958971132713,531251.2,67993.6,7.813253012048191,0,ransomware_run_11,ransomware_run_11.jsonl,True,0.0
5,10.0,6,5,1,0,0.1,0.0,0.0,0.0,0.0,0.0,0,1,0,0,0,0,0,0.0,0.0,0.0,0.0,0.0,0,0,0,0,0,0,0,10.86,19.6,6.0763805015815135,64.97999999999999,65.8,0.5635601121442125,358809.6,897024.0,333350.9915135097,2351923.2,8282112.0,3018853.0366809447,765.6,766.0,0.48989794855663565,1175961.6,179404.8,6.554794520547946,0,ransomware_run_11,ransomware_run_11.jsonl,True,0.0
6,10.0,5,5,0,0,0.0,0.0,0.0,0.0,0.0,0.0,0,0,0,0,0,0,0,0.0,0.0,0.0,0.0,0.0,0,0,0,0,0,0,0,3.1,4.9,0.9736529155710469,64.22,64.3,0.039999999999997725,1638.4,8192.0,3276.8000000000006,724992.0,2641920.0,981410.4894422109,766.0,766.0,0.0,362496.0,819.2,442.5,0,ransomware_run_11,ransomware_run_11.jsonl,True,0.0
7,10.0,5,5,0,0,0.0,0.0,0.0,0.0,0.0,0.0,0,0,0,0,0,0,0,0.0,0.0,0.0,0.0,0.0,0,0,0,0,0,0,0,4.46,6.7,1.1909659944767526,64.24000000000001,64.4,0.08000000000000114,254771.2,1241088.0,493321.6686546011,461209.6,1331200.0,452214.7243430271,766.0,766.0,0.0,230604.8,127385.6,1.810289389067524,0,ransomware_run_11,ransomware_run_11.jsonl,True,0.0
8,10.0,21,5,2,14,0.2,1.4,0.7,0.7,0.0,0.0,0,2,0,7,7,0,0,0.0,0.5,0.5,0.0,0.0,1,1,0,0,4,0,1,8.679999999999998,11.9,2.441638793925096,65.5,66.6,0.6985699678629154,1159987.2,4440064.0,1669455.2352427302,1903820.8,8134656.0,3119232.8478705403,767.0,768.0,0.8944271909999159,951910.4,579993.6,1.6412429378531075,0,ransomware_run_11,ransomware_run_11.jsonl,True,0.0
9,10.0,27,5,2,20,0.2,2.0,1.0,1.0,0.0,0.0,0,1,0,10,10,0,0,0.0,0.5,0.5,0.0,0.0,1,1,0,0,2,0,1,10.84,12.9,1.7153425313913258,65.22,65.5,0.1939071942966527,264601.6,466944.0,133346.03333222927,965836.8,2682880.0,911020.382923324,769.6,770.0,0.8,482918.4,132300.8,3.6501547987616103,0,ransomware_run_11,ransomware_run_11.jsonl,True,0.0
10,10.0,25,5,0,20,0.0,2.0,1.0,1.0,0.0,0.0,0,0,0,10,10,0,0,0.0,0.5,0.5,0.0,0.0,1,1,0,0,2,0,1,10.68,13.0,1.9752468200202224,65.28,65.4,0.11661903789690962,525926.4,1286144.0,485990.70206480287,398950.4,864256.0,352280.7656410438,770.0,770.0,0.0,199475.2,262963.2,0.7585669781931464,0,ransomware_run_11,ransomware_run_11.jsonl,True,0.0
11,10.0,21,5,0,16,0.0,1.6,0.3,0.8,0.0,0.5,0,0,0,3,8,0,5,0.3125,0.5,0.1875,0.0,0.625,2,1,5,5,10,5,1,7.1,10.3,3.385262175962152,65.24,65.6,0.20591260281973853,127795.2,294912.0,116499.34186663889,2025881.6,9269248.0,3626025.358837834,770.0,770.0,0.0,1012940.8,63897.6,15.852564102564104,1,ransomware_run_11,ransomware_run_11.jsonl,True,0.729
12,10.0,8,5,3,0,0.3,0.0,0.0,0.0,0.0,0.0,0,2,0,0,0,0,0,0.0,0.0,0.0,0.0,0.0,0,0,0,0,0,0,0,3.6799999999999997,6.1,1.2702755606560332,65.28,65.5,0.2993325909419146,10649.6,49152.0,19316.451119188536,234291.2,618496.0,242092.65847142081,770.4,771.0,0.48989794855663565,117145.6,5324.8,22.0,1,ransomware_run_11,ransomware_run_11.jsonl,True,10.0
13,10.0,15,5,0,10,0.0,1.0,0.0,0.5,0.0,0.5,0,0,0,0,5,0,5,0.5,0.5,0.0,0.0,1.0,2,1,5,5,10,5,1,2.92,4.0,0.6968500556073739,65.16,65.4,0.20591260281974155,13107.2,65536.0,26214.400000000005,217088.0,430080.0,171953.96325295907,770.0,770.0,0.0,108544.0,6553.6,16.5625,1,ransomware_run_11,ransomware_run_11.jsonl,True,10.0
14,10.0,15,5,0,10,0.0,1.0,0.0,0.5,0.0,0.5,0,0,0,0,5,0,5,0.5,0.5,0.0,0.0,1.0,2,1,5,5,10,5,1,3.1799999999999997,4.0,0.604648658313239,65.16,65.4,0.16248076809272083,11468.8,32768.0,13055.899607457159,494796.8,1470464.0,509245.97937515425,770.0,770.0,0.0,247398.4,5734.4,43.142857142857146,1,ransomware_run_11,ransomware_run_11.jsonl,True,10.0
15,10.0,17,5,2,10,0.2,1.0,0.0,0.5,0.0,0.5,0,1,0,0,5,0,5,0.5,0.5,0.0,0.0,1.0,2,1,5,5,10,5,1,3.3800000000000003,4.7,0.9927738916792685,65.17999999999999,65.3,0.11661903789690571,108134.4,524288.0,208173.53342017325,189235.2,585728.0,212161.72944091496,769.6,770.0,0.48989794855663565,94617.6,54067.2,1.7500000000000002,1,ransomware_run_11,ransomware_run_11.jsonl,True,10.0
16,10.0,15,5,0,10,0.0,1.0,0.0,0.5,0.0,0.5,0,0,0,0,5,0,5,0.5,0.5,0.0,0.0,1.0,2,1,5,5,10,5,1,3.0800000000000005,4.2,0.6910861017268399,65.11999999999999,65.3,0.15999999999999728,0.0,0.0,0.0,201523.2,458752.0,163786.74334438672,769.0,769.0,0.0,100761.6,0.0,100761.6,1,ransomware_run_11,ransomware_run_11.jsonl,True,10.0
17,10.0,15,5,0,10,0.0,1.0,0.0,0.5,0.0,0.5,0,0,0,0,5,0,5,0.5,0.5,0.0,0.0,1.0,2,1,5,5,10,5,1,3.3,4.9,0.9939818911831343,65.14,65.3,0.13564659966250436,246579.2,688128.0,257160.95920679718,471040.0,1396736.0,490241.7512240262,769.0,769.0,0.0,235520.0,123289.6,1.910299003322259,1,ransomware_run_11,ransomware_run_11.jsonl,True,10.0
18,10.0,6,5,1,0,0.1,0.0,0.0,0.0,0.0,0.0,0,1,0,0,0,0,0,0.0,0.0,0.0,0.0,0.0,0,0,0,0,0,0,0,3.3200000000000003,4.3,0.5844655678480982,65.20000000000002,65.3,0.15491933384829337,6553.6,20480.0,8434.18021149655,244940.8,679936.0,260943.16961545477,770.0,770.0,0.0,122470.4,3276.8,37.37499999999999,1,ransomware_run_11,ransomware_run_11.jsonl,True,10.0
19,10.0,5,5,0,0,0.0,0.0,0.0,0.0,0.0,0.0,0,0,0,0,0,0,0,0.0,0.0,0.0,0.0,0.0,0,0,0,0,0,0,0,3.46,5.6,1.1412274094149681,65.14000000000001,65.4,0.2244994432064369,6553.6,32768.0,13107.200000000003,300646.4,630784.0,259203.99356923497,769.2,770.0,0.4000000000000001,150323.2,3276.8,45.875,1,ransomware_run_11,ransomware_run_11.jsonl,True,1.322
20,10.0,5,1,4,0,0.4,0.0,0.0,0.0,0.0,0.0,0,1,0,0,0,0,0,0.0,0.0,0.0,0.0,0.0,0,0,0,0,0,0,0,4.4,4.4,0.0,65.1,65.1,0.0,18767872.0,18767872.0,0.0,19808256.0,19808256.0,0.0,773.0,773.0,0.0,1980825.6,1876787.2,1.0554343081623745,0,ransomware_run_11,ransomware_run_11.jsonl,True,0.0
0,10.0,8,5,3,0,0.3,0.0,0.0,0.0,0.0,0.0,0,1,0,0,0,0,0,0.0,0.0,0.0,0.0,0.0,0,0,0,0,0,0,0,6.88,14.6,5.1011371281313345,65.0,65.4,0.28982753492378993,2268364.8,7159808.0,2622633.2004455677,254771.2,466944.0,200099.5567635271,764.8,765.0,0.4000000000000001,127385.6,1134182.4,0.11231491513181656,0,ransomware_run_12,ransomware_run_12.jsonl,True,0.0
1,10.0,5,5,0,0,0.0,0.0,0.0,0.0,0.0,0.0,0,0,0,0,0,0,0,0.0,0.0,0.0,0.0,0.0,0,0,0,0,0,0,0,8.02,11.1,2.0429390592966787,65.34,66.3,0.6887670143089007,218726.4,872448.0,330672.7969565081,1993113.6,6209536.0,2260492.70776949,765.0,765.0,0.0,996556.8,109363.2,9.112359550561798,0,ransomware_run_12,ransomware_run_12.jsonl,True,0.0
2,10.0,19,5,2,12,0.2,1.2,0.6,0.6,0.0,0.0,0,2,0,6,6,0,0,0.0,0.5,0.5,0.0,0.0,1,1,0,0,2,0,1,9.34,10.3,0.8309031231136396,65.53999999999999,66.0,0.2576819745345033,36296294.4,176549888.0,70129785.28900647,987955.2,3407872.0,1241712.111326035,766.4,767.0,0.8,493977.6,18148147.2,0.027219175299614057,0,ransomware_run_12,ransomware_run_12.jsonl,True,0.0
3,10.0,19,5,0,14,0.0,1.4,0.7,0.7,0.0,0.0,0,0,0,7,7,0,0,0.0,0.5,0.5,0.0,0.0,1,1,0,0,2,0,1,9.379999999999999,12.8,2.135790251873999,65.42,65.7,0.14696938456699238,737280.0,1261568.0,281309.03367791086,205619.2,409600.0,140735.60360107885,767.0,767.0,0.0,102809.6,368640.0,0.2788888888888889,0,ransomware_run_12,ransomware_run_12.jsonl,True,0.0
4,10.0,17,5,0,12,0.0,1.2,0.6,0.6,0.0,0.0,0,0,0,6,6,0,0,0.0,0.5,0.5,0.0,0.0,1,1,0,0,2,0,1,7.279999999999999,8.1,0.919565114605812,65.52000000000001,65.9,0.2925747767665567,352256.0,622592.0,146726.0153183477,860160.0,3051520.0,1117017.5758717495,767.0,767.0,0.0,430080.0,176128.0,2.441860465116279,0,ransomware_run_12,ransomware_run_12.jsonl,True,0.0
5,10.0,19,5,0,14,0.0,1.4,0.7,0.7,0.0,0.0,0,0,0,7,7,0,0,0.0,0.5,0.5,0.0,0.0,1,1,0,0,2,0,1,8.18,10.3,1.205653349848123,65.38000000000001,65.7,0.2785677655436804,189235.2,258048.0,88852.04984107007,213811.2,421888.0,164400.19430450804,767.0,767.0,0.0,106905.6,94617.6,1.12987012987013,0,ransomware_run_12,ransomware_run_12.jsonl,True,0.0
6,10.0,19,5,0,14,0.0,1.4,0.7,0.7,0.0,0.0,0,0,0,7,7,0,0,0.0,0.5,0.5,0.0,0.0,1,1,0,0,2,0,1,8.04,10.3,1.8800000000000001,65.22,65.5,0.27129319932500784,150732.8,229376.0,61652.624088192715,425164.8,786432.0,231536.70317632146,765.8,767.0,0.9797958971132713,212582.4,75366.4,2.8206521739130435,0,ransomware_run_12,ransomware_run_12.jsonl,True,0.0
7,10.0,17,5,0,12,0.0,1.2,0.6,0.6,0.0,0.0,0,0,0,6,6,0,0,0.0,0.5,0.5,0.0,0.0,1,1,0,0,2,0,1,7.0,7.9,0.9695359714832658,65.5,65.8,0.296647939483825,129433.6,196608.0,69973.3000325124,495616.0,1654784.0,594848.6422719648,765.0,765.0,0.0,247808.0,64716.8,3.829113924050633,0,ransomware_run_12,ransomware_run_12.jsonl,True,0.0
8,10.0,18,5,1,12,0.1,1.2,0.1,0.6,0.0,0.5,0,1,0,1,6,0,5,0.4166666666666667,0.5,0.08333333333333333,0.0,0.8333333333333334,2,1,5,5,10,5,1,5.5,11.6,3.1736414416250613,65.44,65.8,0.2059126028197385,1733427.2,7376896.0,2849866.464395439,932249.6,3190784.0,1169732.1201262448,766.0,766.0,0.0,466124.8,866713.6,0.5378071833648393,1,ransomware_run_12,ransomware_run_12.jsonl,True,2.38
9,10.0,19,5,4,10,0.4,1.0,0.0,0.5,0.0,0.5,0,1,0,0,5,0,5,0.5,0.5,0.0,0.0,1.0,2,1,5,5,10,5,1,3.6000000000000005,5.8,1.512613632095123,65.46,65.7,0.2576819745345033,2887680.0,14413824.0,5763075.202273453,250675.2,487424.0,167774.0799890138,770.0,770.0,0.0,125337.6,1443840.0,0.08680851063829788,1,ransomware_run_12,ransomware_run_12.jsonl,True,10.0
10,10.0,5,5,0,0,0.0,0.0,0.0,0.0,0.0,0.0,0,0,0,0,0,0,0,0.0,0.0,0.0,0.0,0.0,0,0,0,0,0,0,0,3.2600000000000002,3.9,0.7605261336732617,65.7,66.1,0.29664793948382306,9830.4,49152.0,19660.800000000003,873267.2,3559424.0,1347302.3550057944,770.0,770.0,0.0,436633.6,4915.2,88.83333333333333,1,ransomware_run_12,ransomware_run_12.jsonl,True,10.0
11,10.0,15,5,0,10,0.0,1.0,0.0,0.5,0.0,0.5,0,0,0,0,5,0,5,0.5,0.5,0.0,0.0,1.0,2,1,5,5,10,5,1,2.88,3.9,0.6645299090334459,65.7,66.0,0.18973665961010247,22118.4,49152.0,20332.009301591417,199884.8,458752.0,166811.32865893733,770.0,770.0,0.0,99942.4,11059.2,9.037037037037036,1,ransomware_run_12,ransomware_run_12.jsonl,True,10.0
12,10.0,15,5,0,10,0.0,1.0,0.0,0.5,0.0,0.5,0,0,0,0,5,0,5,0.5,0.5,0.0,0.0,1.0,2,1,5,5,10,5,1,2.88,4.0,0.7626270385975048,65.54,65.8,0.257681974534504,819.2,4096.0,1638.4000000000003,216268.8,524288.0,226407.67362825846,768.8,771.0,1.1661903789690602,108134.4,409.6,263.99999999999994,1,ransomware_run_12,ransomware_run_12.jsonl,True,10.0
13,10.0,15,5,0,10,0.0,1.0,0.0,0.5,0.0,0.5,0,0,0,0,5,0,5,0.5,0.5,0.0,0.0,1.0,2,1,5,5,10,5,1,3.2,4.3,0.764198926981712,65.3,65.7,0.22803508501983083,0.0,0.0,0.0,453836.8,1163264.0,418268.7914680702,768.0,768.0,0.0,226918.4,0.0,226918.4,1,ransomware_run_12,ransomware_run_12.jsonl,True,10.0
14,10.0,15,5,0,10,0.0,1.0,0.0,0.5,0.0,0.5,0,0,0,0,5,0,5,0.5,0.5,0.0,0.0,1.0,2,1,5,5,10,5,1,4.14,5.5,1.096540012949824,65.38,65.6,0.23999999999999747,819.2,4096.0,1638.4000000000003,185958.4,552960.0,209923.09695276504,767.4,768.0,0.48989794855663565,92979.2,409.6,226.99999999999997,1,ransomware_run_12,ransomware_run_12.jsonl,True,10.0
15,10.0,15,5,0,10,0.0,1.0,0.0,0.5,0.0,0.5,0,0,0,0,5,0,5,0.5,0.5,0.0,0.0,1.0,2,1,5,5,10,5,1,5.9,12.1,3.3651151540474804,64.06,65.3,0.9931767214348106,7225344.0,35385344.0,14080521.984564293,3559424.0,14819328.0,5655070.571578749,767.0,767.0,0.0,1779712.0,3612672.0,0.49263038548752835,1,ransomware_run_12,ransomware_run_12.jsonl,True,10.0
16,10.0,5,5,0,0,0.0,0.0,0.0,0.0,0.0,0.0,0,0,0,0,0,0,0,0.0,0.0,0.0,0.0,0.0,0,0,0,0,0,0,0,1.8199999999999998,3.1,0.6852736679604726,62.82000000000001,63.2,0.24000000000000007,541491.2,2609152.0,1034223.0480986971,1241907.2,5337088.0,2050599.1468522951,767.0,767.0,0.0,620953.6,270745.6,2.293494704992436,1,ransomware_run_12,ransomware_run_12.jsonl,True,10.0
17,10.0,15,5,0,10,0.0,1.0,0.0,0.5,0.0,0.5,0,0,0,0,5,0,5,0.5,0.5,0.0,0.0,1.0,2,1,5,5,10,5,1,1.54,2.3,0.4758150901348127,62.7,63.0,0.18973665961010247,54067.2,176128.0,65197.204278711215,449740.8,1216512.0,446598.50891215476,767.0,767.0,0.0,224870.4,27033.6,8.318181818181818,1,ransomware_run_12,ransomware_run_12.jsonl,True,10.0
18,10.0,5,5,0,0,0.0,0.0,0.0,0.0,0.0,0.0,0,0,0,0,0,0,0,0.0,0.0,0.0,0.0,0.0,0,0,0,0,0,0,0,2.8,5.5,1.5178932768808222,63.080000000000005,63.7,0.5306599664568648,277708.8,1212416.0,470953.7980254114,249036.8,548864.0,236000.70039760476,766.4,767.0,0.48989794855663565,124518.4,138854.4,0.8967551622418879,1,ransomware_run_12,ransomware_run_12.jsonl,True,3.698
19,10.0,2,2,0,0,0.0,0.0,0.0,0.0,0.0,0.0,0,0,0,0,0,0,0,0.0,0.0,0.0,0.0,0.0,0,0,0,0,0,0,0,1.85,1.9,0.04999999999999993,62.95,63.0,0.05000000000000071,2048.0,4096.0,2048.0,954368.0,1892352.0,937984.0,765.0,765.0,0.0,190873.6,409.6,466.0,0,ransomware_run_12,ransomware_run_12.jsonl,True,0.0
