window_id,duration_s,total_events,system_events,process_events,filesystem_events,process_create_rate,filesystem_event_rate,create_rate,modify_rate,delete_rate,rename_rate,suspicious_process_events,unique_process_names,process_burst,fs_created,fs_modified,fs_deleted,fs_renamed,rename_ratio,modify_ratio,create_ratio,delete_ratio,rename_to_modify_ratio,unique_extensions,unique_directories,extension_change_events,suspicious_extension_events,max_fs_events_1s,max_rename_events_1s,filesystem_burst,cpu_percent_mean,cpu_percent_max,cpu_percent_std,memory_percent_mean,memory_percent_max,memory_percent_std,disk_read_bytes_mean,disk_read_bytes_max,disk_read_bytes_std,disk_write_bytes_mean,disk_write_bytes_max,disk_write_bytes_std,process_count_mean,process_count_max,process_count_std,disk_write_rate,disk_read_rate,write_read_ratio,label,session_id,source_file
0,10.0,7,5,2,0,0.2,0.0,0.0,0.0,0.0,0.0,0,1,0,0,0,0,0,0.0,0.0,0.0,0.0,0.0,0,0,0,0,0,0,0,3.88,7.5,2.4685218248984553,60.6,61.0,0.4604345773288533,819.2,4096.0,1638.4000000000003,615219.2,2584576.0,1000589.6729985574,672.6,673.0,0.8,307609.6,409.6,750.9999999999999,0,benign_run_02,benign_run_02.jsonl
1,10.0,6,5,1,0,0.1,0.0,0.0,0.0,0.0,0.0,0,1,0,0,0,0,0,0.0,0.0,0.0,0.0,0.0,0,0,0,0,0,0,0,3.7,5.4,1.0564090116995406,60.2,60.6,0.22803508501982836,2457.6,12288.0,4915.2,975667.2,4194304.0,1615879.8389670437,673.8,674.0,0.4000000000000001,487833.6,1228.8,397.0,0,benign_run_02,benign_run_02.jsonl
2,10.0,5,5,0,0,0.0,0.0,0.0,0.0,0.0,0.0,0,0,0,0,0,0,0,0.0,0.0,0.0,0.0,0.0,0,0,0,0,0,0,0,3.22,4.3,0.9019977827023744,60.220000000000006,60.4,0.11661903789690449,253132.8,1232896.0,490045.96038755385,401408.0,1253376.0,455632.82452430925,674.0,674.0,0.0,200704.0,126566.4,1.5857605177993528,0,benign_run_02,benign_run_02.jsonl
3,10.0,5,5,0,0,0.0,0.0,0.0,0.0,0.0,0.0,0,0,0,0,0,0,0,0.0,0.0,0.0,0.0,0.0,0,0,0,0,0,0,0,7.360000000000001,9.6,2.1209431864149497,60.8,61.0,0.3521363372331795,32768.0,65536.0,20724.30287367949,424345.6,913408.0,311485.65170267475,674.0,674.0,0.0,212172.8,16384.0,12.95,0,benign_run_02,benign_run_02.jsonl
4,10.0,5,5,0,0,0.0,0.0,0.0,0.0,0.0,0.0,0,0,0,0,0,0,0,0.0,0.0,0.0,0.0,0.0,0,0,0,0,0,0,0,2.68,4.3,0.8975522268926749,60.220000000000006,60.6,0.3187475490101838,3276.8,12288.0,4776.715792257271,1558937.6,4329472.0,1655523.1426462876,672.8,674.0,0.9797958971132713,779468.8,1638.4,475.75,0,benign_run_02,benign_run_02.jsonl
5,10.0,7,5,0,2,0.0,0.2,0.1,0.1,0.0,0.0,0,0,0,1,1,0,0,0.0,0.5,0.5,0.0,0.0,1,1,0,0,2,0,0,7.06,9.2,1.8347751905887544,60.7,61.0,0.33466401061362944,40140.8,81920.0,31129.600000000002,446464.0,864256.0,264437.96302346606,671.6,673.0,0.8,223232.0,20070.4,11.122448979591836,0,benign_run_02,benign_run_02.jsonl
6,10.0,30,5,5,20,0.5,2.0,1.0,1.0,0.0,0.0,0,2,1,10,10,0,0,0.0,0.5,0.5,0.0,0.0,1,1,0,0,2,0,1,4.5200000000000005,6.8,1.493184516394407,60.7,61.1,0.346410161513775,19660.8,98304.0,39321.6,383385.6,897024.0,303630.4876138758,674.4,675.0,1.2,191692.8,9830.4,19.5,0,benign_run_02,benign_run_02.jsonl
7,10.0,26,5,1,20,0.1,2.0,1.0,1.0,0.0,0.0,0,1,0,10,10,0,0,0.0,0.5,0.5,0.0,0.0,1,1,0,0,2,0,1,2.86,3.5,0.4029888335921977,60.32000000000001,60.7,0.2712931993250111,0.0,0.0,0.0,1411481.6,5353472.0,1979510.9880842392,675.8,676.0,0.4000000000000001,705740.8,0.0,705740.8,0,benign_run_02,benign_run_02.jsonl
8,10.0,84,5,0,79,0.0,7.9,0.9,4.0,0.0,3.0,0,0,0,9,40,0,30,0.379746835443038,0.5063291139240507,0.11392405063291139,0.0,0.75,2,1,30,30,61,30,1,2.8600000000000003,3.6,0.5083306010855535,60.2,60.6,0.2,7372.8,32768.0,12796.313069005464,161382.4,356352.0,148195.97441442194,676.0,676.0,0.0,80691.2,3686.4,21.88888888888889,0,benign_run_02,benign_run_02.jsonl
9,10.0,13,5,8,0,0.8,0.0,0.0,0.0,0.0,0.0,0,1,1,0,0,0,0,0.0,0.0,0.0,0.0,0.0,0,0,0,0,0,0,0,4.119999999999999,8.9,2.583331182794804,60.779999999999994,61.3,0.4069397989875147,0.0,0.0,0.0,336691.2,1376256.0,527111.7557855829,682.0,682.0,0.0,168345.6,0.0,168345.6,0,benign_run_02,benign_run_02.jsonl
10,10.0,5,5,0,0,0.0,0.0,0.0,0.0,0.0,0.0,0,0,0,0,0,0,0,0.0,0.0,0.0,0.0,0.0,0,0,0,0,0,0,0,2.62,3.8,0.863481325796916,60.739999999999995,61.2,0.31368774282716383,0.0,0.0,0.0,557875.2,1970176.0,711310.940163414,682.0,682.0,0.0,278937.6,0.0,278937.6,0,benign_run_02,benign_run_02.jsonl
11,10.0,5,5,0,0,0.0,0.0,0.0,0.0,0.0,0.0,0,0,0,0,0,0,0,0.0,0.0,0.0,0.0,0.0,0,0,0,0,0,0,0,2.0,2.7,0.48579831205964485,60.620000000000005,60.8,0.1599999999999991,11468.8,49152.0,19106.86316902908,132710.4,323584.0,142869.98311135898,682.0,682.0,0.0,66355.2,5734.4,11.571428571428571,0,benign_run_02,benign_run_02.jsonl
12,10.0,5,5,0,0,0.0,0.0,0.0,0.0,0.0,0.0,0,0,0,0,0,0,0,0.0,0.0,0.0,0.0,0.0,0,0,0,0,0,0,0,2.32,3.5,0.7138627319029899,60.68000000000001,60.8,0.1469693845669893,75366.4,376832.0,150732.8,105676.8,249856.0,105240.89943819371,682.0,682.0,0.0,52838.4,37683.2,1.4021739130434785,0,benign_run_02,benign_run_02.jsonl
13,10.0,7,5,2,0,0.2,0.0,0.0,0.0,0.0,0.0,0,1,0,0,0,0,0,0.0,0.0,0.0,0.0,0.0,0,0,0,0,0,0,0,5.78,10.9,3.4654869787664766,60.839999999999996,61.5,0.4673328578219166,27852.8,118784.0,45860.56909546588,455475.2,1626112.0,602161.5957805347,676.0,682.0,3.0983866769659336,227737.6,13926.4,16.35294117647059,0,benign_run_02,benign_run_02.jsonl
14,10.0,3,3,0,0,0.0,0.0,0.0,0.0,0.0,0.0,0,0,0,0,0,0,0,0.0,0.0,0.0,0.0,0.0,0,0,0,0,0,0,0,2.6,3.5,0.648074069840786,60.53333333333333,60.8,0.2054804667656324,21845.333333333332,65536.0,30893.966674561052,189781.33333333334,335872.0,122164.9119000851,674.0,674.0,0.0,56934.4,6553.6,8.6875,0,benign_run_02,benign_run_02.jsonl
31,10.0,1,1,0,0,0.0,0.0,0.0,0.0,0.0,0.0,0,0,0,0,0,0,0,0.0,0.0,0.0,0.0,0.0,0,0,0,0,0,0,0,0.0,0.0,0.0,61.1,61.1,0.0,0.0,0.0,0.0,0.0,0.0,0.0,672.0,672.0,0.0,0.0,0.0,0.0,0,benign_run_02,benign_run_02.jsonl
32,10.0,7,5,2,0,0.2,0.0,0.0,0.0,0.0,0.0,0,1,0,0,0,0,0,0.0,0.0,0.0,0.0,0.0,0,0,0,0,0,0,0,9.28,18.9,5.656642113480399,60.80000000000001,61.2,0.4604345773288545,35225.6,94208.0,34813.590504858876,1241907.2,3440640.0,1224569.4684638188,674.0,674.0,0.0,620953.6,17612.8,35.25581395348837,0,benign_run_02,benign_run_02.jsonl
33,10.0,6,5,1,0,0.1,0.0,0.0,0.0,0.0,0.0,0,1,0,0,0,0,0,0.0,0.0,0.0,0.0,0.0,0,0,0,0,0,0,0,4.84,8.9,2.331179958733345,60.8,61.2,0.236643191323985,29491.2,126976.0,49383.561209779116,685670.4,2035712.0,721326.8821391866,674.4,676.0,0.8,342835.2,14745.6,23.25,0,benign_run_02,benign_run_02.jsonl
34,10.0,5,5,0,0,0.0,0.0,0.0,0.0,0.0,0.0,0,0,0,0,0,0,0,0.0,0.0,0.0,0.0,0.0,0,0,0,0,0,0,0,2.44,3.5,0.6621178142898739,60.4,60.6,0.1414213562373095,3276.8,8192.0,4013.2439945759593,995328.0,4542464.0,1779488.3320900982,674.2,675.0,0.4,497664.0,1638.4,303.75,0,benign_run_02,benign_run_02.jsonl
35,10.0,7,5,2,0,0.2,0.0,0.0,0.0,0.0,0.0,0,2,0,0,0,0,0,0.0,0.0,0.0,0.0,0.0,0,0,0,0,0,0,0,2.0,2.4,0.31622776601683783,60.35999999999999,60.8,0.2416609194718898,11468.8,32768.0,14283.240058194078,147456.0,417792.0,168464.650848776,673.2,674.0,0.4000000000000001,73728.0,5734.4,12.857142857142858,0,benign_run_02,benign_run_02.jsonl
36,10.0,5,5,0,0,0.0,0.0,0.0,0.0,0.0,0.0,0,0,0,0,0,0,0,0.0,0.0,0.0,0.0,0.0,0,0,0,0,0,0,0,2.2600000000000002,3.2,0.5462600113499066,60.459999999999994,60.8,0.24166091947189133,0.0,0.0,0.0,107315.2,237568.0,99031.75947624075,671.6,673.0,0.8,53657.6,0.0,53657.6,0,benign_run_02,benign_run_02.jsonl
37,10.0,6,5,1,0,0.1,0.0,0.0,0.0,0.0,0.0,0,1,0,0,0,0,0,0.0,0.0,0.0,0.0,0.0,0,0,0,0,0,0,0,2.2600000000000002,2.7,0.31368774282716244,60.379999999999995,60.6,0.17204650534085267,13107.2,65536.0,26214.4,436633.6,1667072.0,635910.2989704129,672.0,672.0,0.0,218316.8,6553.6,33.31249999999999,0,benign_run_02,benign_run_02.jsonl
38,10.0,5,5,0,0,0.0,0.0,0.0,0.0,0.0,0.0,0,0,0,0,0,0,0,0.0,0.0,0.0,0.0,0.0,0,0,0,0,0,0,0,1.8800000000000001,2.4,0.3655133376499413,60.279999999999994,60.5,0.1469693845669895,0.0,0.0,0.0,144179.2,393216.0,163376.49637374404,672.0,672.0,0.0,72089.6,0.0,72089.6,0,benign_run_02,benign_run_02.jsonl
39,10.0,6,5,1,0,0.1,0.0,0.0,0.0,0.0,0.0,0,1,0,0,0,0,0,0.0,0.0,0.0,0.0,0.0,0,0,0,0,0,0,0,2.0,2.5,0.2966479394838265,60.32000000000001,60.5,0.15999999999999925,3276.8,16384.0,6553.6,93388.8,217088.0,94453.44027699574,672.0,672.0,0.0,46694.4,1638.4,28.5,0,benign_run_02,benign_run_02.jsonl
40,10.0,7,5,2,0,0.2,0.0,0.0,0.0,0.0,0.0,0,1,0,0,0,0,0,0.0,0.0,0.0,0.0,0.0,0,0,0,0,0,0,0,5.8,9.9,3.3567841753678476,60.82000000000001,61.5,0.5635601121442144,16384.0,49152.0,20724.30287367949,414515.2,1597440.0,600152.204302342,672.2,673.0,0.4000000000000001,207257.6,8192.0,25.3,0,benign_run_02,benign_run_02.jsonl
41,10.0,24,5,3,16,0.3,1.6,0.8,0.8,0.0,0.0,0,2,0,8,8,0,0,0.0,0.5,0.5,0.0,0.0,1,1,0,0,4,0,1,4.64,6.8,1.3690872872099864,60.82000000000001,61.2,0.36551333764994326,5734.4,28672.0,11468.8,955187.2,3043328.0,1102268.2274754,673.2,674.0,1.1661903789690602,477593.6,2867.2,166.57142857142858,0,benign_run_02,benign_run_02.jsonl
42,10.0,26,5,1,20,0.1,2.0,1.0,1.0,0.0,0.0,0,1,0,10,10,0,0,0.0,0.5,0.5,0.0,0.0,1,1,0,0,2,0,1,3.02,4.1,0.7025667228100118,60.44,60.8,0.26532998322843204,2457.6,12288.0,4915.2,250675.2,421888.0,151172.9226632865,674.2,675.0,0.4,125337.6,1228.8,102.00000000000001,0,benign_run_02,benign_run_02.jsonl
43,10.0,25,5,0,20,0.0,2.0,1.0,1.0,0.0,0.0,0,0,0,10,10,0,0,0.0,0.5,0.5,0.0,0.0,1,1,0,0,2,0,1,4.4399999999999995,6.0,1.2175385004179538,60.78000000000001,61.2,0.39698866482558637,16384.0,81920.0,32768.0,911769.6,3543040.0,1323634.5523192722,675.0,675.0,0.0,455884.8,8192.0,55.65,0,benign_run_02,benign_run_02.jsonl
44,10.0,78,5,8,65,0.8,6.5,0.2,3.3,0.0,3.0,0,1,1,2,33,0,30,0.46153846153846156,0.5076923076923077,0.03076923076923077,0.0,0.9090909090909091,2,1,30,30,61,30,1,4.0,9.9,3.0232432915661946,60.8,61.5,0.3898717737923586,819.2,4096.0,1638.4000000000003,445644.8,1372160.0,494883.5950364085,680.6,682.0,2.8000000000000003,222822.4,409.6,544.0,0,benign_run_02,benign_run_02.jsonl
45,10.0,4,4,0,0,0.0,0.0,0.0,0.0,0.0,0.0,0,0,0,0,0,0,0,0.0,0.0,0.0,0.0,0.0,0,0,0,0,0,0,0,2.3000000000000003,4.2,1.0977249200050077,60.625,60.8,0.10897247358851553,0.0,0.0,0.0,130048.0,245760.0,109692.34066241818,682.0,682.0,0.0,52019.2,0.0,52019.2,0,benign_run_02,benign_run_02.jsonl
46,10.0,5,5,0,0,0.0,0.0,0.0,0.0,0.0,0.0,0,0,0,0,0,0,0,0.0,0.0,0.0,0.0,0.0,0,0,0,0,0,0,0,2.2,2.9,0.4381780460041328,60.7,60.9,0.16733200530681408,0.0,0.0,0.0,446464.0,1744896.0,660582.0745930062,682.0,682.0,0.0,223232.0,0.0,223232.0,0,benign_run_02,benign_run_02.jsonl
47,10.0,5,5,0,0,0.0,0.0,0.0,0.0,0.0,0.0,0,0,0,0,0,0,0,0.0,0.0,0.0,0.0,0.0,0,0,0,0,0,0,0,2.18,2.6,0.342928563989645,60.7,61.0,0.17888543819998254,13926.4,65536.0,25853.515920276684,174489.6,442368.0,184194.34650346902,682.0,682.0,0.0,87244.8,6963.2,12.529411764705882,0,benign_run_02,benign_run_02.jsonl
48,10.0,6,5,1,0,0.1,0.0,0.0,0.0,0.0,0.0,0,1,0,0,0,0,0,0.0,0.0,0.0,0.0,0.0,0,0,0,0,0,0,0,3.2599999999999993,7.8,2.2896287908741892,60.52,60.9,0.3187475490101828,0.0,0.0,0.0,233472.0,598016.0,236889.0712481266,677.4,681.0,4.409081537009721,116736.0,0.0,116736.0,0,benign_run_02,benign_run_02.jsonl
49,10.0,6,5,1,0,0.1,0.0,0.0,0.0,0.0,0.0,0,1,0,0,0,0,0,0.0,0.0,0.0,0.0,0.0,0,0,0,0,0,0,0,2.2199999999999998,3.7,0.7782030583337488,60.379999999999995,60.6,0.14696938456699105,0.0,0.0,0.0,386662.4,1392640.0,524752.4342932008,673.0,673.0,0.0,193331.2,0.0,193331.2,0,benign_run_02,benign_run_02.jsonl
50,10.0,5,5,0,0,0.0,0.0,0.0,0.0,0.0,0.0,0,0,0,0,0,0,0,0.0,0.0,0.0,0.0,0.0,0,0,0,0,0,0,0,2.7,5.0,1.2132600710482482,60.56,61.1,0.28000000000000125,3276.8,16384.0,6553.600000000001,154009.6,352256.0,153795.93689509484,673.0,673.0,0.0,77004.8,1638.4,47.0,0,benign_run_02,benign_run_02.jsonl
51,10.0,1,1,0,0,0.0,0.0,0.0,0.0,0.0,0.0,0,0,0,0,0,0,0,0.0,0.0,0.0,0.0,0.0,0,0,0,0,0,0,0,4.4,4.4,0.0,61.2,61.2,0.0,0.0,0.0,0.0,94208.0,94208.0,0.0,673.0,673.0,0.0,9420.8,0.0,9420.8,0,benign_run_02,benign_run_02.jsonl
121,10.0,1,1,0,0,0.0,0.0,0.0,0.0,0.0,0.0,0,0,0,0,0,0,0,0.0,0.0,0.0,0.0,0.0,0,0,0,0,0,0,0,0.0,0.0,0.0,61.5,61.5,0.0,0.0,0.0,0.0,0.0,0.0,0.0,672.0,672.0,0.0,0.0,0.0,0.0,0,benign_run_02,benign_run_02.jsonl
122,10.0,7,5,2,0,0.2,0.0,0.0,0.0,0.0,0.0,0,1,0,0,0,0,0,0.0,0.0,0.0,0.0,0.0,0,0,0,0,0,0,0,3.3,5.7,1.3401492454200763,60.56,61.1,0.33226495451672344,169574.4,593920.0,220189.62256527893,216268.8,487424.0,171805.59578127833,673.6,674.0,0.8,108134.4,84787.2,1.2753623188405796,0,benign_run_02,benign_run_02.jsonl
123,10.0,5,5,0,0,0.0,0.0,0.0,0.0,0.0,0.0,0,0,0,0,0,0,0,0.0,0.0,0.0,0.0,0.0,0,0,0,0,0,0,0,1.94,2.5,0.41761226035642196,60.48,60.7,0.13266499161421788,9011.2,40960.0,16052.975978303835,619315.2,2363392.0,882903.7976582501,674.0,674.0,0.0,309657.6,4505.6,68.72727272727272,0,benign_run_02,benign_run_02.jsonl
124,10.0,5,5,0,0,0.0,0.0,0.0,0.0,0.0,0.0,0,0,0,0,0,0,0,0.0,0.0,0.0,0.0,0.0,0,0,0,0,0,0,0,2.9,4.6,1.1081516141756054,60.620000000000005,61.1,0.27129319932501206,7372.8,36864.0,14745.600000000002,649625.6,2633728.0,1000385.7615031514,674.0,674.0,0.0,324812.8,3686.4,88.1111111111111,0,benign_run_02,benign_run_02.jsonl
125,10.0,5,5,0,0,0.0,0.0,0.0,0.0,0.0,0.0,0,0,0,0,0,0,0,0.0,0.0,0.0,0.0,0.0,0,0,0,0,0,0,0,2.42,3.6,0.6881860213634101,60.82000000000001,61.3,0.3969886648255829,13107.2,36864.0,13560.172836656619,167116.8,352256.0,147054.9568540959,674.0,674.0,0.0,83558.4,6553.6,12.749999999999998,0,benign_run_02,benign_run_02.jsonl
126,10.0,5,5,0,0,0.0,0.0,0.0,0.0,0.0,0.0,0,0,0,0,0,0,0,0.0,0.0,0.0,0.0,0.0,0,0,0,0,0,0,0,2.14,2.7,0.45431266766402184,60.5,60.8,0.22803508501982708,235110.4,1081344.0,424212.73595666594,134348.8,307200.0,126894.05355713087,672.4,674.0,1.3564659966250536,67174.4,117555.2,0.5714285714285714,0,benign_run_02,benign_run_02.jsonl
127,10.0,6,5,1,0,0.1,0.0,0.0,0.0,0.0,0.0,0,1,0,0,0,0,0,0.0,0.0,0.0,0.0,0.0,0,0,0,0,0,0,0,2.2399999999999998,3.0,0.4270831300812524,60.54,60.8,0.18547236990991472,6553.6,32768.0,13107.2,402227.2,1323008.0,480315.3402998493,672.0,672.0,0.0,201113.6,3276.8,61.375,0,benign_run_02,benign_run_02.jsonl
128,10.0,5,5,0,0,0.0,0.0,0.0,0.0,0.0,0.0,0,0,0,0,0,0,0,0.0,0.0,0.0,0.0,0.0,0,0,0,0,0,0,0,2.0200000000000005,3.4,0.7626270385975048,60.44,60.6,0.1496662954709575,0.0,0.0,0.0,162201.6,434176.0,167658.0411881279,672.0,672.0,0.0,81100.8,0.0,81100.8,0,benign_run_02,benign_run_02.jsonl
129,10.0,5,5,0,0,0.0,0.0,0.0,0.0,0.0,0.0,0,0,0,0,0,0,0,0.0,0.0,0.0,0.0,0.0,0,0,0,0,0,0,0,1.9600000000000002,2.5,0.4127953488110058,60.64000000000001,61.0,0.20591260281974041,819.2,4096.0,1638.4000000000003,112230.4,241664.0,105819.58725604632,672.0,672.0,0.0,56115.2,409.6,136.99999999999997,0,benign_run_02,benign_run_02.jsonl
130,10.0,5,5,0,0,0.0,0.0,0.0,0.0,0.0,0.0,0,0,0,0,0,0,0,0.0,0.0,0.0,0.0,0.0,0,0,0,0,0,0,0,2.0599999999999996,2.5,0.42237424163885745,60.46,60.7,0.2244994432064374,5734.4,16384.0,7141.620029097039,506265.6,1667072.0,610996.9027671416,672.0,672.0,0.0,253132.8,2867.2,88.28571428571429,0,benign_run_02,benign_run_02.jsonl
131,10.0,5,5,0,0,0.0,0.0,0.0,0.0,0.0,0.0,0,0,0,0,0,0,0,0.0,0.0,0.0,0.0,0.0,0,0,0,0,0,0,0,1.92,2.4,0.35440090293338694,60.42,60.7,0.2400000000000015,0.0,0.0,0.0,121241.6,270336.0,116850.20098159865,671.2,672.0,0.4000000000000001,60620.8,0.0,60620.8,0,benign_run_02,benign_run_02.jsonl
132,10.0,5,5,0,0,0.0,0.0,0.0,0.0,0.0,0.0,0,0,0,0,0,0,0,0.0,0.0,0.0,0.0,0.0,0,0,0,0,0,0,0,3.3,4.7,1.07144761887831,60.42,60.9,0.33105890714493647,0.0,0.0,0.0,108953.6,249856.0,96672.54212360406,671.0,671.0,0.0,54476.8,0.0,54476.8,0,benign_run_02,benign_run_02.jsonl
133,10.0,6,5,1,0,0.1,0.0,0.0,0.0,0.0,0.0,0,1,0,0,0,0,0,0.0,0.0,0.0,0.0,0.0,0,0,0,0,0,0,0,2.92,3.7,0.5491812087098392,60.64,61.0,0.272763633939716,6553.6,32768.0,13107.2,356352.0,1110016.0,407456.2782061408,672.0,672.0,0.0,178176.0,3276.8,54.375,0,benign_run_02,benign_run_02.jsonl
134,10.0,5,5,0,0,0.0,0.0,0.0,0.0,0.0,0.0,0,0,0,0,0,0,0,0.0,0.0,0.0,0.0,0.0,0,0,0,0,0,0,0,2.02,2.4,0.3709447398198282,60.499999999999986,60.7,0.14142135623731153,1331200.0,5713920.0,2221527.8207936087,3520102.4,16941056.0,6711701.450505246,672.0,672.0,0.0,1760051.2,665600.0,2.644307692307692,0,benign_run_02,benign_run_02.jsonl
135,10.0,9,5,4,0,0.4,0.0,0.0,0.0,0.0,0.0,0,1,0,0,0,0,0,0.0,0.0,0.0,0.0,0.0,0,0,0,0,0,0,0,2.28,3.0,0.6554387843269576,60.52,60.8,0.17204650534085267,819.2,4096.0,1638.4,211353.6,495616.0,168297.25826596224,675.6,676.0,0.8,105676.8,409.6,258.0,0,benign_run_02,benign_run_02.jsonl
136,10.0,5,5,0,0,0.0,0.0,0.0,0.0,0.0,0.0,0,0,0,0,0,0,0,0.0,0.0,0.0,0.0,0.0,0,0,0,0,0,0,0,3.5800000000000005,6.2,1.3585286158193357,60.760000000000005,61.4,0.3261901286060009,9830.4,49152.0,19660.8,449740.8,1671168.0,620412.9952805308,676.2,677.0,0.4,224870.4,4915.2,45.75,0,benign_run_02,benign_run_02.jsonl
137,10.0,2,2,0,0,0.0,0.0,0.0,0.0,0.0,0.0,0,0,0,0,0,0,0,0.0,0.0,0.0,0.0,0.0,0,0,0,0,0,0,0,4.25,5.7,1.4500000000000002,61.05,61.1,0.05000000000000071,24576.0,49152.0,24576.0,217088.0,409600.0,192512.0,676.0,676.0,0.0,43417.6,4915.2,8.833333333333334,0,benign_run_02,benign_run_02.jsonl
0,10.0,7,5,2,0,0.2,0.0,0.0,0.0,0.0,0.0,0,1,0,0,0,0,0,0.0,0.0,0.0,0.0,0.0,0,0,0,0,0,0,0,3.88,7.5,2.4685218248984553,60.6,61.0,0.4604345773288533,819.2,4096.0,1638.4000000000003,615219.2,2584576.0,1000589.6729985574,672.6,673.0,0.8,307609.6,409.6,750.9999999999999,0,benign_run_03,benign_run_03.jsonl
1,10.0,6,5,1,0,0.1,0.0,0.0,0.0,0.0,0.0,0,1,0,0,0,0,0,0.0,0.0,0.0,0.0,0.0,0,0,0,0,0,0,0,3.7,5.4,1.0564090116995406,60.2,60.6,0.22803508501982836,2457.6,12288.0,4915.2,975667.2,4194304.0,1615879.8389670437,673.8,674.0,0.4000000000000001,487833.6,1228.8,397.0,0,benign_run_03,benign_run_03.jsonl
2,10.0,5,5,0,0,0.0,0.0,0.0,0.0,0.0,0.0,0,0,0,0,0,0,0,0.0,0.0,0.0,0.0,0.0,0,0,0,0,0,0,0,3.22,4.3,0.9019977827023744,60.220000000000006,60.4,0.11661903789690449,253132.8,1232896.0,490045.96038755385,401408.0,1253376.0,455632.82452430925,674.0,674.0,0.0,200704.0,126566.4,1.5857605177993528,0,benign_run_03,benign_run_03.jsonl
3,10.0,5,5,0,0,0.0,0.0,0.0,0.0,0.0,0.0,0,0,0,0,0,0,0,0.0,0.0,0.0,0.0,0.0,0,0,0,0,0,0,0,7.360000000000001,9.6,2.1209431864149497,60.8,61.0,0.3521363372331795,32768.0,65536.0,20724.30287367949,424345.6,913408.0,311485.65170267475,674.0,674.0,0.0,212172.8,16384.0,12.95,0,benign_run_03,benign_run_03.jsonl
4,10.0,5,5,0,0,0.0,0.0,0.0,0.0,0.0,0.0,0,0,0,0,0,0,0,0.0,0.0,0.0,0.0,0.0,0,0,0,0,0,0,0,2.68,4.3,0.8975522268926749,60.220000000000006,60.6,0.3187475490101838,3276.8,12288.0,4776.715792257271,1558937.6,4329472.0,1655523.1426462876,672.8,674.0,0.9797958971132713,779468.8,1638.4,475.75,0,benign_run_03,benign_run_03.jsonl
5,10.0,7,5,0,2,0.0,0.2,0.1,0.1,0.0,0.0,0,0,0,1,1,0,0,0.0,0.5,0.5,0.0,0.0,1,1,0,0,2,0,0,7.06,9.2,1.8347751905887544,60.7,61.0,0.33466401061362944,40140.8,81920.0,31129.600000000002,446464.0,864256.0,264437.96302346606,671.6,673.0,0.8,223232.0,20070.4,11.122448979591836,0,benign_run_03,benign_run_03.jsonl
6,10.0,30,5,5,20,0.5,2.0,1.0,1.0,0.0,0.0,0,2,1,10,10,0,0,0.0,0.5,0.5,0.0,0.0,1,1,0,0,2,0,1,4.5200000000000005,6.8,1.493184516394407,60.7,61.1,0.346410161513775,19660.8,98304.0,39321.6,383385.6,897024.0,303630.4876138758,674.4,675.0,1.2,191692.8,9830.4,19.5,0,benign_run_03,benign_run_03.jsonl
7,10.0,26,5,1,20,0.1,2.0,1.0,1.0,0.0,0.0,0,1,0,10,10,0,0,0.0,0.5,0.5,0.0,0.0,1,1,0,0,2,0,1,2.86,3.5,0.4029888335921977,60.32000000000001,60.7,0.2712931993250111,0.0,0.0,0.0,1411481.6,5353472.0,1979510.9880842392,675.8,676.0,0.4000000000000001,705740.8,0.0,705740.8,0,benign_run_03,benign_run_03.jsonl
8,10.0,84,5,0,79,0.0,7.9,0.9,4.0,0.0,3.0,0,0,0,9,40,0,30,0.379746835443038,0.5063291139240507,0.11392405063291139,0.0,0.75,2,1,30,30,61,30,1,2.8600000000000003,3.6,0.5083306010855535,60.2,60.6,0.2,7372.8,32768.0,12796.313069005464,161382.4,356352.0,148195.97441442194,676.0,676.0,0.0,80691.2,3686.4,21.88888888888889,0,benign_run_03,benign_run_03.jsonl
9,10.0,13,5,8,0,0.8,0.0,0.0,0.0,0.0,0.0,0,1,1,0,0,0,0,0.0,0.0,0.0,0.0,0.0,0,0,0,0,0,0,0,4.119999999999999,8.9,2.583331182794804,60.779999999999994,61.3,0.4069397989875147,0.0,0.0,0.0,336691.2,1376256.0,527111.7557855829,682.0,682.0,0.0,168345.6,0.0,168345.6,0,benign_run_03,benign_run_03.jsonl
10,10.0,5,5,0,0,0.0,0.0,0.0,0.0,0.0,0.0,0,0,0,0,0,0,0,0.0,0.0,0.0,0.0,0.0,0,0,0,0,0,0,0,2.62,3.8,0.863481325796916,60.739999999999995,61.2,0.31368774282716383,0.0,0.0,0.0,557875.2,1970176.0,711310.940163414,682.0,682.0,0.0,278937.6,0.0,278937.6,0,benign_run_03,benign_run_03.jsonl
11,10.0,5,5,0,0,0.0,0.0,0.0,0.0,0.0,0.0,0,0,0,0,0,0,0,0.0,0.0,0.0,0.0,0.0,0,0,0,0,0,0,0,2.0,2.7,0.48579831205964485,60.620000000000005,60.8,0.1599999999999991,11468.8,49152.0,19106.86316902908,132710.4,323584.0,142869.98311135898,682.0,682.0,0.0,66355.2,5734.4,11.571428571428571,0,benign_run_03,benign_run_03.jsonl
12,10.0,5,5,0,0,0.0,0.0,0.0,0.0,0.0,0.0,0,0,0,0,0,0,0,0.0,0.0,0.0,0.0,0.0,0,0,0,0,0,0,0,2.32,3.5,0.7138627319029899,60.68000000000001,60.8,0.1469693845669893,75366.4,376832.0,150732.8,105676.8,249856.0,105240.89943819371,682.0,682.0,0.0,52838.4,37683.2,1.4021739130434785,0,benign_run_03,benign_run_03.jsonl
13,10.0,7,5,2,0,0.2,0.0,0.0,0.0,0.0,0.0,0,1,0,0,0,0,0,0.0,0.0,0.0,0.0,0.0,0,0,0,0,0,0,0,5.78,10.9,3.4654869787664766,60.839999999999996,61.5,0.4673328578219166,27852.8,118784.0,45860.56909546588,455475.2,1626112.0,602161.5957805347,676.0,682.0,3.0983866769659336,227737.6,13926.4,16.35294117647059,0,benign_run_03,benign_run_03.jsonl
14,10.0,3,3,0,0,0.0,0.0,0.0,0.0,0.0,0.0,0,0,0,0,0,0,0,0.0,0.0,0.0,0.0,0.0,0,0,0,0,0,0,0,2.6,3.5,0.648074069840786,60.53333333333333,60.8,0.2054804667656324,21845.333333333332,65536.0,30893.966674561052,189781.33333333334,335872.0,122164.9119000851,674.0,674.0,0.0,56934.4,6553.6,8.6875,0,benign_run_03,benign_run_03.jsonl
31,10.0,1,1,0,0,0.0,0.0,0.0,0.0,0.0,0.0,0,0,0,0,0,0,0,0.0,0.0,0.0,0.0,0.0,0,0,0,0,0,0,0,0.0,0.0,0.0,61.1,61.1,0.0,0.0,0.0,0.0,0.0,0.0,0.0,672.0,672.0,0.0,0.0,0.0,0.0,0,benign_run_03,benign_run_03.jsonl
32,10.0,7,5,2,0,0.2,0.0,0.0,0.0,0.0,0.0,0,1,0,0,0,0,0,0.0,0.0,0.0,0.0,0.0,0,0,0,0,0,0,0,9.28,18.9,5.656642113480399,60.80000000000001,61.2,0.4604345773288545,35225.6,94208.0,34813.590504858876,1241907.2,3440640.0,1224569.4684638188,674.0,674.0,0.0,620953.6,17612.8,35.25581395348837,0,benign_run_03,benign_run_03.jsonl
33,10.0,6,5,1,0,0.1,0.0,0.0,0.0,0.0,0.0,0,1,0,0,0,0,0,0.0,0.0,0.0,0.0,0.0,0,0,0,0,0,0,0,4.84,8.9,2.331179958733345,60.8,61.2,0.236643191323985,29491.2,126976.0,49383.561209779116,685670.4,2035712.0,721326.8821391866,674.4,676.0,0.8,342835.2,14745.6,23.25,0,benign_run_03,benign_run_03.jsonl
34,10.0,5,5,0,0,0.0,0.0,0.0,0.0,0.0,0.0,0,0,0,0,0,0,0,0.0,0.0,0.0,0.0,0.0,0,0,0,0,0,0,0,2.44,3.5,0.6621178142898739,60.4,60.6,0.1414213562373095,3276.8,8192.0,4013.2439945759593,995328.0,4542464.0,1779488.3320900982,674.2,675.0,0.4,497664.0,1638.4,303.75,0,benign_run_03,benign_run_03.jsonl
35,10.0,7,5,2,0,0.2,0.0,0.0,0.0,0.0,0.0,0,2,0,0,0,0,0,0.0,0.0,0.0,0.0,0.0,0,0,0,0,0,0,0,2.0,2.4,0.31622776601683783,60.35999999999999,60.8,0.2416609194718898,11468.8,32768.0,14283.240058194078,147456.0,417792.0,168464.650848776,673.2,674.0,0.4000000000000001,73728.0,5734.4,12.857142857142858,0,benign_run_03,benign_run_03.jsonl
36,10.0,5,5,0,0,0.0,0.0,0.0,0.0,0.0,0.0,0,0,0,0,0,0,0,0.0,0.0,0.0,0.0,0.0,0,0,0,0,0,0,0,2.2600000000000002,3.2,0.5462600113499066,60.459999999999994,60.8,0.24166091947189133,0.0,0.0,0.0,107315.2,237568.0,99031.75947624075,671.6,673.0,0.8,53657.6,0.0,53657.6,0,benign_run_03,benign_run_03.jsonl
37,10.0,6,5,1,0,0.1,0.0,0.0,0.0,0.0,0.0,0,1,0,0,0,0,0,0.0,0.0,0.0,0.0,0.0,0,0,0,0,0,0,0,2.2600000000000002,2.7,0.31368774282716244,60.379999999999995,60.6,0.17204650534085267,13107.2,65536.0,26214.4,436633.6,1667072.0,635910.2989704129,672.0,672.0,0.0,218316.8,6553.6,33.31249999999999,0,benign_run_03,benign_run_03.jsonl
38,10.0,5,5,0,0,0.0,0.0,0.0,0.0,0.0,0.0,0,0,0,0,0,0,0,0.0,0.0,0.0,0.0,0.0,0,0,0,0,0,0,0,1.8800000000000001,2.4,0.3655133376499413,60.279999999999994,60.5,0.1469693845669895,0.0,0.0,0.0,144179.2,393216.0,163376.49637374404,672.0,672.0,0.0,72089.6,0.0,72089.6,0,benign_run_03,benign_run_03.jsonl
39,10.0,6,5,1,0,0.1,0.0,0.0,0.0,0.0,0.0,0,1,0,0,0,0,0,0.0,0.0,0.0,0.0,0.0,0,0,0,0,0,0,0,2.0,2.5,0.2966479394838265,60.32000000000001,60.5,0.15999999999999925,3276.8,16384.0,6553.6,93388.8,217088.0,94453.44027699574,672.0,672.0,0.0,46694.4,1638.4,28.5,0,benign_run_03,benign_run_03.jsonl
40,10.0,7,5,2,0,0.2,0.0,0.0,0.0,0.0,0.0,0,1,0,0,0,0,0,0.0,0.0,0.0,0.0,0.0,0,0,0,0,0,0,0,5.8,9.9,3.3567841753678476,60.82000000000001,61.5,0.5635601121442144,16384.0,49152.0,20724.30287367949,414515.2,1597440.0,600152.204302342,672.2,673.0,0.4000000000000001,207257.6,8192.0,25.3,0,benign_run_03,benign_run_03.jsonl
41,10.0,24,5,3,16,0.3,1.6,0.8,0.8,0.0,0.0,0,2,0,8,8,0,0,0.0,0.5,0.5,0.0,0.0,1,1,0,0,4,0,1,4.64,6.8,1.3690872872099864,60.82000000000001,61.2,0.36551333764994326,5734.4,28672.0,11468.8,955187.2,3043328.0,1102268.2274754,673.2,674.0,1.1661903789690602,477593.6,2867.2,166.57142857142858,0,benign_run_03,benign_run_03.jsonl
42,10.0,26,5,1,20,0.1,2.0,1.0,1.0,0.0,0.0,0,1,0,10,10,0,0,0.0,0.5,0.5,0.0,0.0,1,1,0,0,2,0,1,3.02,4.1,0.7025667228100118,60.44,60.8,0.26532998322843204,2457.6,12288.0,4915.2,250675.2,421888.0,151172.9226632865,674.2,675.0,0.4,125337.6,1228.8,102.00000000000001,0,benign_run_03,benign_run_03.jsonl
43,10.0,25,5,0,20,0.0,2.0,1.0,1.0,0.0,0.0,0,0,0,10,10,0,0,0.0,0.5,0.5,0.0,0.0,1,1,0,0,2,0,1,4.4399999999999995,6.0,1.2175385004179538,60.78000000000001,61.2,0.39698866482558637,16384.0,81920.0,32768.0,911769.6,3543040.0,1323634.5523192722,675.0,675.0,0.0,455884.8,8192.0,55.65,0,benign_run_03,benign_run_03.jsonl
44,10.0,78,5,8,65,0.8,6.5,0.2,3.3,0.0,3.0,0,1,1,2,33,0,30,0.46153846153846156,0.5076923076923077,0.03076923076923077,0.0,0.9090909090909091,2,1,30,30,61,30,1,4.0,9.9,3.0232432915661946,60.8,61.5,0.3898717737923586,819.2,4096.0,1638.4000000000003,445644.8,1372160.0,494883.5950364085,680.6,682.0,2.8000000000000003,222822.4,409.6,544.0,0,benign_run_03,benign_run_03.jsonl
45,10.0,4,4,0,0,0.0,0.0,0.0,0.0,0.0,0.0,0,0,0,0,0,0,0,0.0,0.0,0.0,0.0,0.0,0,0,0,0,0,0,0,2.3000000000000003,4.2,1.0977249200050077,60.625,60.8,0.10897247358851553,0.0,0.0,0.0,130048.0,245760.0,109692.34066241818,682.0,682.0,0.0,52019.2,0.0,52019.2,0,benign_run_03,benign_run_03.jsonl
46,10.0,5,5,0,0,0.0,0.0,0.0,0.0,0.0,0.0,0,0,0,0,0,0,0,0.0,0.0,0.0,0.0,0.0,0,0,0,0,0,0,0,2.2,2.9,0.4381780460041328,60.7,60.9,0.16733200530681408,0.0,0.0,0.0,446464.0,1744896.0,660582.0745930062,682.0,682.0,0.0,223232.0,0.0,223232.0,0,benign_run_03,benign_run_03.jsonl
47,10.0,5,5,0,0,0.0,0.0,0.0,0.0,0.0,0.0,0,0,0,0,0,0,0,0.0,0.0,0.0,0.0,0.0,0,0,0,0,0,0,0,2.18,2.6,0.342928563989645,60.7,61.0,0.17888543819998254,13926.4,65536.0,25853.515920276684,174489.6,442368.0,184194.34650346902,682.0,682.0,0.0,87244.8,6963.2,12.529411764705882,0,benign_run_03,benign_run_03.jsonl
48,10.0,6,5,1,0,0.1,0.0,0.0,0.0,0.0,0.0,0,1,0,0,0,0,0,0.0,0.0,0.0,0.0,0.0,0,0,0,0,0,0,0,3.2599999999999993,7.8,2.2896287908741892,60.52,60.9,0.3187475490101828,0.0,0.0,0.0,233472.0,598016.0,236889.0712481266,677.4,681.0,4.409081537009721,116736.0,0.0,116736.0,0,benign_run_03,benign_run_03.jsonl
49,10.0,6,5,1,0,0.1,0.0,0.0,0.0,0.0,0.0,0,1,0,0,0,0,0,0.0,0.0,0.0,0.0,0.0,0,0,0,0,0,0,0,2.2199999999999998,3.7,0.7782030583337488,60.379999999999995,60.6,0.14696938456699105,0.0,0.0,0.0,386662.4,1392640.0,524752.4342932008,673.0,673.0,0.0,193331.2,0.0,193331.2,0,benign_run_03,benign_run_03.jsonl
50,10.0,5,5,0,0,0.0,0.0,0.0,0.0,0.0,0.0,0,0,0,0,0,0,0,0.0,0.0,0.0,0.0,0.0,0,0,0,0,0,0,0,2.7,5.0,1.2132600710482482,60.56,61.1,0.28000000000000125,3276.8,16384.0,6553.600000000001,154009.6,352256.0,153795.93689509484,673.0,673.0,0.0,77004.8,1638.4,47.0,0,benign_run_03,benign_run_03.jsonl
51,10.0,1,1,0,0,0.0,0.0,0.0,0.0,0.0,0.0,0,0,0,0,0,0,0,0.0,0.0,0.0,0.0,0.0,0,0,0,0,0,0,0,4.4,4.4,0.0,61.2,61.2,0.0,0.0,0.0,0.0,94208.0,94208.0,0.0,673.0,673.0,0.0,9420.8,0.0,9420.8,0,benign_run_03,benign_run_03.jsonl
121,10.0,1,1,0,0,0.0,0.0,0.0,0.0,0.0,0.0,0,0,0,0,0,0,0,0.0,0.0,0.0,0.0,0.0,0,0,0,0,0,0,0,0.0,0.0,0.0,61.5,61.5,0.0,0.0,0.0,0.0,0.0,0.0,0.0,672.0,672.0,0.0,0.0,0.0,0.0,0,benign_run_03,benign_run_03.jsonl
122,10.0,7,5,2,0,0.2,0.0,0.0,0.0,0.0,0.0,0,1,0,0,0,0,0,0.0,0.0,0.0,0.0,0.0,0,0,0,0,0,0,0,3.3,5.7,1.3401492454200763,60.56,61.1,0.33226495451672344,169574.4,593920.0,220189.62256527893,216268.8,487424.0,171805.59578127833,673.6,674.0,0.8,108134.4,84787.2,1.2753623188405796,0,benign_run_03,benign_run_03.jsonl
123,10.0,5,5,0,0,0.0,0.0,0.0,0.0,0.0,0.0,0,0,0,0,0,0,0,0.0,0.0,0.0,0.0,0.0,0,0,0,0,0,0,0,1.94,2.5,0.41761226035642196,60.48,60.7,0.13266499161421788,9011.2,40960.0,16052.975978303835,619315.2,2363392.0,882903.7976582501,674.0,674.0,0.0,309657.6,4505.6,68.72727272727272,0,benign_run_03,benign_run_03.jsonl
124,10.0,5,5,0,0,0.0,0.0,0.0,0.0,0.0,0.0,0,0,0,0,0,0,0,0.0,0.0,0.0,0.0,0.0,0,0,0,0,0,0,0,2.9,4.6,1.1081516141756054,60.620000000000005,61.1,0.27129319932501206,7372.8,36864.0,14745.600000000002,649625.6,2633728.0,1000385.7615031514,674.0,674.0,0.0,324812.8,3686.4,88.1111111111111,0,benign_run_03,benign_run_03.jsonl
125,10.0,5,5,0,0,0.0,0.0,0.0,0.0,0.0,0.0,0,0,0,0,0,0,0,0.0,0.0,0.0,0.0,0.0,0,0,0,0,0,0,0,2.42,3.6,0.6881860213634101,60.82000000000001,61.3,0.3969886648255829,13107.2,36864.0,13560.172836656619,167116.8,352256.0,147054.9568540959,674.0,674.0,0.0,83558.4,6553.6,12.749999999999998,0,benign_run_03,benign_run_03.jsonl
126,10.0,5,5,0,0,0.0,0.0,0.0,0.0,0.0,0.0,0,0,0,0,0,0,0,0.0,0.0,0.0,0.0,0.0,0,0,0,0,0,0,0,2.14,2.7,0.45431266766402184,60.5,60.8,0.22803508501982708,235110.4,1081344.0,424212.73595666594,134348.8,307200.0,126894.05355713087,672.4,674.0,1.3564659966250536,67174.4,117555.2,0.5714285714285714,0,benign_run_03,benign_run_03.jsonl
127,10.0,6,5,1,0,0.1,0.0,0.0,0.0,0.0,0.0,0,1,0,0,0,0,0,0.0,0.0,0.0,0.0,0.0,0,0,0,0,0,0,0,2.2399999999999998,3.0,0.4270831300812524,60.54,60.8,0.18547236990991472,6553.6,32768.0,13107.2,402227.2,1323008.0,480315.3402998493,672.0,672.0,0.0,201113.6,3276.8,61.375,0,benign_run_03,benign_run_03.jsonl
128,10.0,5,5,0,0,0.0,0.0,0.0,0.0,0.0,0.0,0,0,0,0,0,0,0,0.0,0.0,0.0,0.0,0.0,0,0,0,0,0,0,0,2.0200000000000005,3.4,0.7626270385975048,60.44,60.6,0.1496662954709575,0.0,0.0,0.0,162201.6,434176.0,167658.0411881279,672.0,672.0,0.0,81100.8,0.0,81100.8,0,benign_run_03,benign_run_03.jsonl
129,10.0,5,5,0,0,0.0,0.0,0.0,0.0,0.0,0.0,0,0,0,0,0,0,0,0.0,0.0,0.0,0.0,0.0,0,0,0,0,0,0,0,1.9600000000000002,2.5,0.4127953488110058,60.64000000000001,61.0,0.20591260281974041,819.2,4096.0,1638.4000000000003,112230.4,241664.0,105819.58725604632,672.0,672.0,0.0,56115.2,409.6,136.99999999999997,0,benign_run_03,benign_run_03.jsonl
130,10.0,5,5,0,0,0.0,0.0,0.0,0.0,0.0,0.0,0,0,0,0,0,0,0,0.0,0.0,0.0,0.0,0.0,0,0,0,0,0,0,0,2.0599999999999996,2.5,0.42237424163885745,60.46,60.7,0.2244994432064374,5734.4,16384.0,7141.620029097039,506265.6,1667072.0,610996.9027671416,672.0,672.0,0.0,253132.8,2867.2,88.28571428571429,0,benign_run_03,benign_run_03.jsonl
131,10.0,5,5,0,0,0.0,0.0,0.0,0.0,0.0,0.0,0,0,0,0,0,0,0,0.0,0.0,0.0,0.0,0.0,0,0,0,0,0,0,0,1.92,2.4,0.35440090293338694,60.42,60.7,0.2400000000000015,0.0,0.0,0.0,121241.6,270336.0,116850.20098159865,671.2,672.0,0.4000000000000001,60620.8,0.0,60620.8,0,benign_run_03,benign_run_03.jsonl
132,10.0,5,5,0,0,0.0,0.0,0.0,0.0,0.0,0.0,0,0,0,0,0,0,0,0.0,0.0,0.0,0.0,0.0,0,0,0,0,0,0,0,3.3,4.7,1.07144761887831,60.42,60.9,0.33105890714493647,0.0,0.0,0.0,108953.6,249856.0,96672.54212360406,671.0,671.0,0.0,54476.8,0.0,54476.8,0,benign_run_03,benign_run_03.jsonl
133,10.0,6,5,1,0,0.1,0.0,0.0,0.0,0.0,0.0,0,1,0,0,0,0,0,0.0,0.0,0.0,0.0,0.0,0,0,0,0,0,0,0,2.92,3.7,0.5491812087098392,60.64,61.0,0.272763633939716,6553.6,32768.0,13107.2,356352.0,1110016.0,407456.2782061408,672.0,672.0,0.0,178176.0,3276.8,54.375,0,benign_run_03,benign_run_03.jsonl
134,10.0,5,5,0,0,0.0,0.0,0.0,0.0,0.0,0.0,0,0,0,0,0,0,0,0.0,0.0,0.0,0.0,0.0,0,0,0,0,0,0,0,2.02,2.4,0.3709447398198282,60.499999999999986,60.7,0.14142135623731153,1331200.0,5713920.0,2221527.8207936087,3520102.4,16941056.0,6711701.450505246,672.0,672.0,0.0,1760051.2,665600.0,2.644307692307692,0,benign_run_03,benign_run_03.jsonl
135,10.0,9,5,4,0,0.4,0.0,0.0,0.0,0.0,0.0,0,1,0,0,0,0,0,0.0,0.0,0.0,0.0,0.0,0,0,0,0,0,0,0,2.28,3.0,0.6554387843269576,60.52,60.8,0.17204650534085267,819.2,4096.0,1638.4,211353.6,495616.0,168297.25826596224,675.6,676.0,0.8,105676.8,409.6,258.0,0,benign_run_03,benign_run_03.jsonl
136,10.0,5,5,0,0,0.0,0.0,0.0,0.0,0.0,0.0,0,0,0,0,0,0,0,0.0,0.0,0.0,0.0,0.0,0,0,0,0,0,0,0,3.5800000000000005,6.2,1.3585286158193357,60.760000000000005,61.4,0.3261901286060009,9830.4,49152.0,19660.8,449740.8,1671168.0,620412.9952805308,676.2,677.0,0.4,224870.4,4915.2,45.75,0,benign_run_03,benign_run_03.jsonl
137,10.0,2,2,0,0,0.0,0.0,0.0,0.0,0.0,0.0,0,0,0,0,0,0,0,0.0,0.0,0.0,0.0,0.0,0,0,0,0,0,0,0,4.25,5.7,1.4500000000000002,61.05,61.1,0.05000000000000071,24576.0,49152.0,24576.0,217088.0,409600.0,192512.0,676.0,676.0,0.0,43417.6,4915.2,8.833333333333334,0,benign_run_03,benign_run_03.jsonl
174,10.0,2,2,0,0,0.0,0.0,0.0,0.0,0.0,0.0,0,0,0,0,0,0,0,0.0,0.0,0.0,0.0,0.0,0,0,0,0,0,0,0,3.5,7.0,3.5,61.25,61.4,0.14999999999999858,135168.0,270336.0,135168.0,180224.0,360448.0,180224.0,671.0,671.0,0.0,36044.8,27033.6,1.3333333333333335,0,benign_run_03,benign_run_03.jsonl
175,10.0,7,5,2,0,0.2,0.0,0.0,0.0,0.0,0.0,0,1,0,0,0,0,0,0.0,0.0,0.0,0.0,0.0,0,0,0,0,0,0,0,3.84,4.5,0.5122499389946278,60.67999999999999,61.0,0.25612496949731456,161382.4,516096.0,181478.22485532524,719257.6,2625536.0,963170.1977369523,673.0,673.0,0.0,359628.8,80691.2,4.456852791878172,0,benign_run_03,benign_run_03.jsonl
176,10.0,5,5,0,0,0.0,0.0,0.0,0.0,0.0,0.0,0,0,0,0,0,0,0,0.0,0.0,0.0,0.0,0.0,0,0,0,0,0,0,0,6.0,10.4,2.6313494636782857,60.8,61.5,0.3577708763999659,188416.0,770048.0,294729.8993342888,383385.6,1474560.0,557878.207334038,673.0,673.0,0.0,191692.8,94208.0,2.034782608695652,0,benign_run_03,benign_run_03.jsonl
177,10.0,5,5,0,0,0.0,0.0,0.0,0.0,0.0,0.0,0,0,0,0,0,0,0,0.0,0.0,0.0,0.0,0.0,0,0,0,0,0,0,0,7.700000000000001,12.7,3.3304654329387655,61.0,61.8,0.4242640687119268,1823539.2,5804032.0,2228710.9491447653,667648.0,2084864.0,738339.647405718,673.0,673.0,0.0,333824.0,911769.6,0.3661275831087152,0,benign_run_03,benign_run_03.jsonl
178,10.0,5,5,0,0,0.0,0.0,0.0,0.0,0.0,0.0,0,0,0,0,0,0,0,0.0,0.0,0.0,0.0,0.0,0,0,0,0,0,0,0,3.9599999999999995,4.7,0.5462600113499066,60.52,60.8,0.2315167380558035,61440.0,147456.0,50763.96731540986,890470.4,3772416.0,1448878.8158740676,673.0,673.0,0.0,445235.2,30720.0,14.493333333333334,0,benign_run_03,benign_run_03.jsonl
179,10.0,5,5,0,0,0.0,0.0,0.0,0.0,0.0,0.0,0,0,0,0,0,0,0,0.0,0.0,0.0,0.0,0.0,0,0,0,0,0,0,0,3.0799999999999996,3.7,0.3429285639896451,60.52,60.7,0.11661903789690767,141721.6,606208.0,233228.98791496738,185958.4,389120.0,146350.4869627703,671.4,673.0,0.8,92979.2,70860.8,1.3121387283236994,0,benign_run_03,benign_run_03.jsonl
180,10.0,5,5,0,0,0.0,0.0,0.0,0.0,0.0,0.0,0,0,0,0,0,0,0,0.0,0.0,0.0,0.0,0.0,0,0,0,0,0,0,0,3.12,3.3,0.19390719429665318,60.6,60.8,0.18973665961010247,242483.2,1196032.0,476816.62493432424,110592.0,249856.0,98269.86073868224,671.4,673.0,0.8,55296.0,121241.6,0.4560810810810811,0,benign_run_03,benign_run_03.jsonl
181,10.0,7,5,2,0,0.2,0.0,0.0,0.0,0.0,0.0,0,2,0,0,0,0,0,0.0,0.0,0.0,0.0,0.0,0,0,0,0,0,0,0,3.34,3.7,0.349857113690718,60.52,60.7,0.11661903789690767,42598.4,114688.0,39593.725046274696,408780.8,1363968.0,499929.51069461775,672.0,672.0,0.0,204390.4,21299.2,9.596153846153845,0,benign_run_03,benign_run_03.jsonl
0,10.0,7,5,2,0,0.2,0.0,0.0,0.0,0.0,0.0,0,1,0,0,0,0,0,0.0,0.0,0.0,0.0,0.0,0,0,0,0,0,0,0,2.6,6.6,2.178990591994376,61.120000000000005,61.7,0.36551333764994154,349798.4,1748992.0,699596.8,993689.6,4567040.0,1791134.66906066,714.6,715.0,0.8,496844.8,174899.2,2.840749414519906,0,benign_run_04,benign_run_04.jsonl
1,10.0,5,5,0,0,0.0,0.0,0.0,0.0,0.0,0.0,0,0,0,0,0,0,0,0.0,0.0,0.0,0.0,0.0,0,0,0,0,0,0,0,3.1,7.6,2.3383755044902435,61.17999999999999,62.0,0.4749736834815164,43417.6,167936.0,65104.499462325955,1332838.4,5414912.0,2052893.9516857269,715.0,715.0,0.0,666419.2,21708.8,30.69811320754717,0,benign_run_04,benign_run_04.jsonl
2,10.0,22,5,17,0,1.7,0.0,0.0,0.0,0.0,0.0,0,15,1,0,0,0,0,0.0,0.0,0.0,0.0,0.0,0,0,0,0,0,0,0,14.620000000000001,31.1,8.511498105504106,62.17999999999999,63.0,0.6939740629159002,55269785.6,186232832.0,66657279.54411982,4662886.4,14336000.0,5161060.513560894,722.6,728.0,6.216108107168021,2331443.2,27634892.8,0.08436592162210234,0,benign_run_04,benign_run_04.jsonl
3,10.0,9,5,4,0,0.4,0.0,0.0,0.0,0.0,0.0,0,4,0,0,0,0,0,0.0,0.0,0.0,0.0,0.0,0,0,0,0,0,0,0,9.4,12.2,2.301303978182804,63.06,63.2,0.23323807579381256,5921996.8,8261632.0,2242363.645248504,1547468.8,3096576.0,987448.3343224393,730.2,732.0,1.8330302779823362,773734.4,2960998.4,0.2613086180661226,0,benign_run_04,benign_run_04.jsonl
4,10.0,11,5,6,0,0.6,0.0,0.0,0.0,0.0,0.0,0,6,1,0,0,0,0,0.0,0.0,0.0,0.0,0.0,0,0,0,0,0,0,0,6.219999999999999,8.4,1.7474552927042226,63.04,63.2,0.10198039027185714,4097638.4,11431936.0,4047129.5694758077,2311782.4,9400320.0,3562354.6622379753,734.6,736.0,1.2,1155891.2,2048819.2,0.5641743302678929,0,benign_run_04,benign_run_04.jsonl
5,10.0,7,5,2,0,0.2,0.0,0.0,0.0,0.0,0.0,0,2,0,0,0,0,0,0.0,0.0,0.0,0.0,0.0,0,0,0,0,0,0,0,8.040000000000001,10.9,1.8990523952750753,63.28000000000001,63.5,0.15999999999999906,10988748.8,30220288.0,10204171.507020105,1095270.4,2580480.0,984212.1225462729,736.8,738.0,0.7483314773547883,547635.2,5494374.4,0.09967198449381241,0,benign_run_04,benign_run_04.jsonl
6,10.0,7,5,2,0,0.2,0.0,0.0,0.0,0.0,0.0,0,2,0,0,0,0,0,0.0,0.0,0.0,0.0,0.0,0,0,0,0,0,0,0,8.419999999999998,14.9,3.4078732370791025,63.32000000000001,64.3,0.4955804677345533,9952460.8,48504832.0,19280355.80401688,5391974.4,24014848.0,9343479.537645355,737.4,738.0,0.48989794855663565,2695987.2,4976230.4,0.5417729854308997,0,benign_run_04,benign_run_04.jsonl
7,10.0,14,5,9,0,0.9,0.0,0.0,0.0,0.0,0.0,0,8,1,0,0,0,0,0.0,0.0,0.0,0.0,0.0,0,0,0,0,0,0,0,8.04,21.4,7.214041862922615,63.019999999999996,63.7,0.47074409183759347,15043788.8,72069120.0,28514646.40801093,2597683.2,11264000.0,4339404.083535821,744.6,747.0,2.870540018881465,1298841.6,7521894.4,0.1726747985188412,0,benign_run_04,benign_run_04.jsonl
8,10.0,7,5,2,0,0.2,0.0,0.0,0.0,0.0,0.0,0,2,0,0,0,0,0,0.0,0.0,0.0,0.0,0.0,0,0,0,0,0,0,0,5.14,8.2,1.6811900546934007,63.44,63.7,0.21540659228538098,5378048.0,10350592.0,2824908.7832964803,1216512.0,3538944.0,1276062.7676499302,746.6,747.0,0.48989794855663565,608256.0,2689024.0,0.2261995430312262,0,benign_run_04,benign_run_04.jsonl
9,10.0,5,5,0,0,0.0,0.0,0.0,0.0,0.0,0.0,0,0,0,0,0,0,0,0.0,0.0,0.0,0.0,0.0,0,0,0,0,0,0,0,7.779999999999999,12.5,3.5232939133714063,63.36,63.9,0.3555277766926236,4127129.6,14327808.0,5303421.71383727,953548.8,2150400.0,851374.661081806,747.0,747.0,0.0,476774.4,2063564.8,0.23104406510520048,0,benign_run_04,benign_run_04.jsonl
10,10.0,5,5,0,0,0.0,0.0,0.0,0.0,0.0,0.0,0,0,0,0,0,0,0,0.0,0.0,0.0,0.0,0.0,0,0,0,0,0,0,0,8.860000000000001,11.3,1.4650597257449953,63.93999999999998,64.2,0.2800000000000004,780697.6,1220608.0,461643.7317350253,1838284.8,4714496.0,1458715.2836479642,746.2,747.0,0.4000000000000001,919142.4,390348.8,2.354669464847849,0,benign_run_04,benign_run_04.jsonl
11,10.0,7,5,2,0,0.2,0.0,0.0,0.0,0.0,0.0,0,1,0,0,0,0,0,0.0,0.0,0.0,0.0,0.0,0,0,0,0,0,0,0,4.140000000000001,8.1,2.14532048887806,62.98,63.4,0.27856776554368134,1132134.4,3039232.0,1082970.6262597523,372736.0,1302528.0,496897.3057169861,747.0,747.0,0.0,186368.0,566067.2,0.32923299565846603,0,benign_run_04,benign_run_04.jsonl
12,10.0,5,5,0,0,0.0,0.0,0.0,0.0,0.0,0.0,0,0,0,0,0,0,0,0.0,0.0,0.0,0.0,0.0,0,0,0,0,0,0,0,8.4,11.5,1.946278500112458,63.7,63.8,0.06324555320336624,3765043.2,11968512.0,4261890.184795211,2396979.2,4202496.0,1189103.1562380786,747.0,747.0,0.0,1198489.6,1882521.6,0.6366405570060922,0,benign_run_04,benign_run_04.jsonl
13,10.0,5,5,0,0,0.0,0.0,0.0,0.0,0.0,0.0,0,0,0,0,0,0,0,0.0,0.0,0.0,0.0,0.0,0,0,0,0,0,0,0,9.48,12.3,1.5651198037211085,64.06,64.2,0.13564659966250686,2153676.8,6103040.0,2104281.321844054,1687552.0,3403776.0,1081759.726146985,747.0,747.0,0.0,843776.0,1076838.4,0.7835678965386079,0,benign_run_04,benign_run_04.jsonl
14,10.0,5,5,0,0,0.0,0.0,0.0,0.0,0.0,0.0,0,0,0,0,0,0,0,0.0,0.0,0.0,0.0,0.0,0,0,0,0,0,0,0,6.839999999999999,12.4,2.9910533261712335,64.38,65.4,0.6462197768561416,1482752.0,4583424.0,1637689.1898095927,1465548.8,3428352.0,1040349.8123516723,747.0,747.0,0.0,732774.4,741376.0,0.9883977900552486,0,benign_run_04,benign_run_04.jsonl
0,10.0,80,0,0,80,0.0,8.0,4.0,4.0,0.0,0.0,0,0,0,40,40,0,0,0.0,0.5,0.5,0.0,0.0,1,1,0,0,80,0,1,0.0,0.0,0.0,0.0,0.0,0.0,0.0,0.0,0.0,0.0,0.0,0.0,0.0,0.0,0.0,0.0,0.0,0.0,0,benign_run_05,benign_run_05.jsonl
0,10.0,85,0,0,85,0.0,8.5,4.0,4.5,0.0,0.0,0,0,0,40,45,0,0,0.0,0.5294117647058824,0.47058823529411764,0.0,0.0,1,1,0,0,80,0,1,0.0,0.0,0.0,0.0,0.0,0.0,0.0,0.0,0.0,0.0,0.0,0.0,0.0,0.0,0.0,0.0,0.0,0.0,0,benign_run_06,benign_run_06.jsonl
1,10.0,5,0,0,5,0.0,0.5,0.0,0.5,0.0,0.0,0,0,0,0,5,0,0,0.0,1.0,0.0,0.0,0.0,1,1,0,0,5,0,0,0.0,0.0,0.0,0.0,0.0,0.0,0.0,0.0,0.0,0.0,0.0,0.0,0.0,0.0,0.0,0.0,0.0,0.0,0,benign_run_06,benign_run_06.jsonl
2,10.0,5,0,0,5,0.0,0.5,0.0,0.5,0.0,0.0,0,0,0,0,5,0,0,0.0,1.0,0.0,0.0,0.0,1,1,0,0,5,0,0,0.0,0.0,0.0,0.0,0.0,0.0,0.0,0.0,0.0,0.0,0.0,0.0,0.0,0.0,0.0,0.0,0.0,0.0,0,benign_run_06,benign_run_06.jsonl
3,10.0,5,0,0,5,0.0,0.5,0.0,0.5,0.0,0.0,0,0,0,0,5,0,0,0.0,1.0,0.0,0.0,0.0,1,1,0,0,5,0,0,0.0,0.0,0.0,0.0,0.0,0.0,0.0,0.0,0.0,0.0,0.0,0.0,0.0,0.0,0.0,0.0,0.0,0.0,0,benign_run_06,benign_run_06.jsonl
4,10.0,10,0,0,10,0.0,1.0,0.0,1.0,0.0,0.0,0,0,0,0,10,0,0,0.0,1.0,0.0,0.0,0.0,1,1,0,0,5,0,1,0.0,0.0,0.0,0.0,0.0,0.0,0.0,0.0,0.0,0.0,0.0,0.0,0.0,0.0,0.0,0.0,0.0,0.0,0,benign_run_06,benign_run_06.jsonl
5,10.0,5,0,0,5,0.0,0.5,0.0,0.5,0.0,0.0,0,0,0,0,5,0,0,0.0,1.0,0.0,0.0,0.0,1,1,0,0,5,0,0,0.0,0.0,0.0,0.0,0.0,0.0,0.0,0.0,0.0,0.0,0.0,0.0,0.0,0.0,0.0,0.0,0.0,0.0,0,benign_run_06,benign_run_06.jsonl
0,10.0,6,0,0,6,0.0,0.6,0.3,0.3,0.0,0.0,0,0,0,3,3,0,0,0.0,0.5,0.5,0.0,0.0,1,1,0,0,2,0,0,0.0,0.0,0.0,0.0,0.0,0.0,0.0,0.0,0.0,0.0,0.0,0.0,0.0,0.0,0.0,0.0,0.0,0.0,0,benign_run_07,benign_run_07.jsonl
1,10.0,4,0,0,4,0.0,0.4,0.2,0.2,0.0,0.0,0,0,0,2,2,0,0,0.0,0.5,0.5,0.0,0.0,1,1,0,0,2,0,0,0.0,0.0,0.0,0.0,0.0,0.0,0.0,0.0,0.0,0.0,0.0,0.0,0.0,0.0,0.0,0.0,0.0,0.0,0,benign_run_07,benign_run_07.jsonl
2,10.0,6,0,0,6,0.0,0.6,0.3,0.3,0.0,0.0,0,0,0,3,3,0,0,0.0,0.5,0.5,0.0,0.0,1,1,0,0,2,0,0,0.0,0.0,0.0,0.0,0.0,0.0,0.0,0.0,0.0,0.0,0.0,0.0,0.0,0.0,0.0,0.0,0.0,0.0,0,benign_run_07,benign_run_07.jsonl
3,10.0,4,0,0,4,0.0,0.4,0.2,0.2,0.0,0.0,0,0,0,2,2,0,0,0.0,0.5,0.5,0.0,0.0,1,1,0,0,2,0,0,0.0,0.0,0.0,0.0,0.0,0.0,0.0,0.0,0.0,0.0,0.0,0.0,0.0,0.0,0.0,0.0,0.0,0.0,0,benign_run_07,benign_run_07.jsonl
4,10.0,6,0,0,6,0.0,0.6,0.3,0.3,0.0,0.0,0,0,0,3,3,0,0,0.0,0.5,0.5,0.0,0.0,1,1,0,0,2,0,0,0.0,0.0,0.0,0.0,0.0,0.0,0.0,0.0,0.0,0.0,0.0,0.0,0.0,0.0,0.0,0.0,0.0,0.0,0,benign_run_07,benign_run_07.jsonl
5,10.0,4,0,0,4,0.0,0.4,0.2,0.2,0.0,0.0,0,0,0,2,2,0,0,0.0,0.5,0.5,0.0,0.0,1,1,0,0,2,0,0,0.0,0.0,0.0,0.0,0.0,0.0,0.0,0.0,0.0,0.0,0.0,0.0,0.0,0.0,0.0,0.0,0.0,0.0,0,benign_run_07,benign_run_07.jsonl
6,10.0,6,0,0,6,0.0,0.6,0.3,0.3,0.0,0.0,0,0,0,3,3,0,0,0.0,0.5,0.5,0.0,0.0,1,1,0,0,2,0,0,0.0,0.0,0.0,0.0,0.0,0.0,0.0,0.0,0.0,0.0,0.0,0.0,0.0,0.0,0.0,0.0,0.0,0.0,0,benign_run_07,benign_run_07.jsonl
7,10.0,4,0,0,4,0.0,0.4,0.2,0.2,0.0,0.0,0,0,0,2,2,0,0,0.0,0.5,0.5,0.0,0.0,1,1,0,0,2,0,0,0.0,0.0,0.0,0.0,0.0,0.0,0.0,0.0,0.0,0.0,0.0,0.0,0.0,0.0,0.0,0.0,0.0,0.0,0,benign_run_07,benign_run_07.jsonl
8,10.0,6,0,0,6,0.0,0.6,0.3,0.3,0.0,0.0,0,0,0,3,3,0,0,0.0,0.5,0.5,0.0,0.0,1,1,0,0,2,0,0,0.0,0.0,0.0,0.0,0.0,0.0,0.0,0.0,0.0,0.0,0.0,0.0,0.0,0.0,0.0,0.0,0.0,0.0,0,benign_run_07,benign_run_07.jsonl
9,10.0,4,0,0,4,0.0,0.4,0.2,0.2,0.0,0.0,0,0,0,2,2,0,0,0.0,0.5,0.5,0.0,0.0,1,1,0,0,2,0,0,0.0,0.0,0.0,0.0,0.0,0.0,0.0,0.0,0.0,0.0,0.0,0.0,0.0,0.0,0.0,0.0,0.0,0.0,0,benign_run_07,benign_run_07.jsonl
10,10.0,6,0,0,6,0.0,0.6,0.3,0.3,0.0,0.0,0,0,0,3,3,0,0,0.0,0.5,0.5,0.0,0.0,1,1,0,0,2,0,0,0.0,0.0,0.0,0.0,0.0,0.0,0.0,0.0,0.0,0.0,0.0,0.0,0.0,0.0,0.0,0.0,0.0,0.0,0,benign_run_07,benign_run_07.jsonl
11,10.0,4,0,0,4,0.0,0.4,0.2,0.2,0.0,0.0,0,0,0,2,2,0,0,0.0,0.5,0.5,0.0,0.0,1,1,0,0,2,0,0,0.0,0.0,0.0,0.0,0.0,0.0,0.0,0.0,0.0,0.0,0.0,0.0,0.0,0.0,0.0,0.0,0.0,0.0,0,benign_run_07,benign_run_07.jsonl
12,10.0,12,0,0,12,0.0,1.2,0.0,1.2,0.0,0.0,0,0,0,0,12,0,0,0.0,1.0,0.0,0.0,0.0,1,1,0,0,7,0,1,0.0,0.0,0.0,0.0,0.0,0.0,0.0,0.0,0.0,0.0,0.0,0.0,0.0,0.0,0.0,0.0,0.0,0.0,0,benign_run_07,benign_run_07.jsonl
13,10.0,5,0,0,5,0.0,0.5,0.0,0.5,0.0,0.0,0,0,0,0,5,0,0,0.0,1.0,0.0,0.0,0.0,1,1,0,0,5,0,0,0.0,0.0,0.0,0.0,0.0,0.0,0.0,0.0,0.0,0.0,0.0,0.0,0.0,0.0,0.0,0.0,0.0,0.0,0,benign_run_07,benign_run_07.jsonl
14,10.0,5,0,0,5,0.0,0.5,0.0,0.5,0.0,0.0,0,0,0,0,5,0,0,0.0,1.0,0.0,0.0,0.0,1,1,0,0,5,0,0,0.0,0.0,0.0,0.0,0.0,0.0,0.0,0.0,0.0,0.0,0.0,0.0,0.0,0.0,0.0,0.0,0.0,0.0,0,benign_run_07,benign_run_07.jsonl
15,10.0,5,0,0,5,0.0,0.5,0.0,0.5,0.0,0.0,0,0,0,0,5,0,0,0.0,1.0,0.0,0.0,0.0,1,1,0,0,5,0,0,0.0,0.0,0.0,0.0,0.0,0.0,0.0,0.0,0.0,0.0,0.0,0.0,0.0,0.0,0.0,0.0,0.0,0.0,0,benign_run_07,benign_run_07.jsonl
16,10.0,5,0,0,5,0.0,0.5,0.0,0.5,0.0,0.0,0,0,0,0,5,0,0,0.0,1.0,0.0,0.0,0.0,1,1,0,0,5,0,0,0.0,0.0,0.0,0.0,0.0,0.0,0.0,0.0,0.0,0.0,0.0,0.0,0.0,0.0,0.0,0.0,0.0,0.0,0,benign_run_07,benign_run_07.jsonl
0,10.0,7,5,2,0,0.2,0.0,0.0,0.0,0.0,0.0,0,1,0,0,0,0,0,0.0,0.0,0.0,0.0,0.0,0,0,0,0,0,0,0,3.88,7.5,2.4685218248984553,60.6,61.0,0.4604345773288533,819.2,4096.0,1638.4000000000003,615219.2,2584576.0,1000589.6729985574,672.6,673.0,0.8,307609.6,409.6,750.9999999999999,1,ransomware_run_01,ransomware_run_01.jsonl
1,10.0,6,5,1,0,0.1,0.0,0.0,0.0,0.0,0.0,0,1,0,0,0,0,0,0.0,0.0,0.0,0.0,0.0,0,0,0,0,0,0,0,3.7,5.4,1.0564090116995406,60.2,60.6,0.22803508501982836,2457.6,12288.0,4915.2,975667.2,4194304.0,1615879.8389670437,673.8,674.0,0.4000000000000001,487833.6,1228.8,397.0,1,ransomware_run_01,ransomware_run_01.jsonl
2,10.0,5,5,0,0,0.0,0.0,0.0,0.0,0.0,0.0,0,0,0,0,0,0,0,0.0,0.0,0.0,0.0,0.0,0,0,0,0,0,0,0,3.22,4.3,0.9019977827023744,60.220000000000006,60.4,0.11661903789690449,253132.8,1232896.0,490045.96038755385,401408.0,1253376.0,455632.82452430925,674.0,674.0,0.0,200704.0,126566.4,1.5857605177993528,1,ransomware_run_01,ransomware_run_01.jsonl
3,10.0,5,5,0,0,0.0,0.0,0.0,0.0,0.0,0.0,0,0,0,0,0,0,0,0.0,0.0,0.0,0.0,0.0,0,0,0,0,0,0,0,7.360000000000001,9.6,2.1209431864149497,60.8,61.0,0.3521363372331795,32768.0,65536.0,20724.30287367949,424345.6,913408.0,311485.65170267475,674.0,674.0,0.0,212172.8,16384.0,12.95,1,ransomware_run_01,ransomware_run_01.jsonl
4,10.0,5,5,0,0,0.0,0.0,0.0,0.0,0.0,0.0,0,0,0,0,0,0,0,0.0,0.0,0.0,0.0,0.0,0,0,0,0,0,0,0,2.68,4.3,0.8975522268926749,60.220000000000006,60.6,0.3187475490101838,3276.8,12288.0,4776.715792257271,1558937.6,4329472.0,1655523.1426462876,672.8,674.0,0.9797958971132713,779468.8,1638.4,475.75,1,ransomware_run_01,ransomware_run_01.jsonl
5,10.0,7,5,0,2,0.0,0.2,0.1,0.1,0.0,0.0,0,0,0,1,1,0,0,0.0,0.5,0.5,0.0,0.0,1,1,0,0,2,0,0,7.06,9.2,1.8347751905887544,60.7,61.0,0.33466401061362944,40140.8,81920.0,31129.600000000002,446464.0,864256.0,264437.96302346606,671.6,673.0,0.8,223232.0,20070.4,11.122448979591836,1,ransomware_run_01,ransomware_run_01.jsonl
6,10.0,30,5,5,20,0.5,2.0,1.0,1.0,0.0,0.0,0,2,1,10,10,0,0,0.0,0.5,0.5,0.0,0.0,1,1,0,0,2,0,1,4.5200000000000005,6.8,1.493184516394407,60.7,61.1,0.346410161513775,19660.8,98304.0,39321.6,383385.6,897024.0,303630.4876138758,674.4,675.0,1.2,191692.8,9830.4,19.5,1,ransomware_run_01,ransomware_run_01.jsonl
7,10.0,26,5,1,20,0.1,2.0,1.0,1.0,0.0,0.0,0,1,0,10,10,0,0,0.0,0.5,0.5,0.0,0.0,1,1,0,0,2,0,1,2.86,3.5,0.4029888335921977,60.32000000000001,60.7,0.2712931993250111,0.0,0.0,0.0,1411481.6,5353472.0,1979510.9880842392,675.8,676.0,0.4000000000000001,705740.8,0.0,705740.8,1,ransomware_run_01,ransomware_run_01.jsonl
8,10.0,84,5,0,79,0.0,7.9,0.9,4.0,0.0,3.0,0,0,0,9,40,0,30,0.379746835443038,0.5063291139240507,0.11392405063291139,0.0,0.75,2,1,30,30,61,30,1,2.8600000000000003,3.6,0.5083306010855535,60.2,60.6,0.2,7372.8,32768.0,12796.313069005464,161382.4,356352.0,148195.97441442194,676.0,676.0,0.0,80691.2,3686.4,21.88888888888889,1,ransomware_run_01,ransomware_run_01.jsonl
9,10.0,13,5,8,0,0.8,0.0,0.0,0.0,0.0,0.0,0,1,1,0,0,0,0,0.0,0.0,0.0,0.0,0.0,0,0,0,0,0,0,0,4.119999999999999,8.9,2.583331182794804,60.779999999999994,61.3,0.4069397989875147,0.0,0.0,0.0,336691.2,1376256.0,527111.7557855829,682.0,682.0,0.0,168345.6,0.0,168345.6,1,ransomware_run_01,ransomware_run_01.jsonl
10,10.0,5,5,0,0,0.0,0.0,0.0,0.0,0.0,0.0,0,0,0,0,0,0,0,0.0,0.0,0.0,0.0,0.0,0,0,0,0,0,0,0,2.62,3.8,0.863481325796916,60.739999999999995,61.2,0.31368774282716383,0.0,0.0,0.0,557875.2,1970176.0,711310.940163414,682.0,682.0,0.0,278937.6,0.0,278937.6,1,ransomware_run_01,ransomware_run_01.jsonl
11,10.0,5,5,0,0,0.0,0.0,0.0,0.0,0.0,0.0,0,0,0,0,0,0,0,0.0,0.0,0.0,0.0,0.0,0,0,0,0,0,0,0,2.0,2.7,0.48579831205964485,60.620000000000005,60.8,0.1599999999999991,11468.8,49152.0,19106.86316902908,132710.4,323584.0,142869.98311135898,682.0,682.0,0.0,66355.2,5734.4,11.571428571428571,1,ransomware_run_01,ransomware_run_01.jsonl
12,10.0,5,5,0,0,0.0,0.0,0.0,0.0,0.0,0.0,0,0,0,0,0,0,0,0.0,0.0,0.0,0.0,0.0,0,0,0,0,0,0,0,2.32,3.5,0.7138627319029899,60.68000000000001,60.8,0.1469693845669893,75366.4,376832.0,150732.8,105676.8,249856.0,105240.89943819371,682.0,682.0,0.0,52838.4,37683.2,1.4021739130434785,1,ransomware_run_01,ransomware_run_01.jsonl
13,10.0,7,5,2,0,0.2,0.0,0.0,0.0,0.0,0.0,0,1,0,0,0,0,0,0.0,0.0,0.0,0.0,0.0,0,0,0,0,0,0,0,5.78,10.9,3.4654869787664766,60.839999999999996,61.5,0.4673328578219166,27852.8,118784.0,45860.56909546588,455475.2,1626112.0,602161.5957805347,676.0,682.0,3.0983866769659336,227737.6,13926.4,16.35294117647059,1,ransomware_run_01,ransomware_run_01.jsonl
14,10.0,3,3,0,0,0.0,0.0,0.0,0.0,0.0,0.0,0,0,0,0,0,0,0,0.0,0.0,0.0,0.0,0.0,0,0,0,0,0,0,0,2.6,3.5,0.648074069840786,60.53333333333333,60.8,0.2054804667656324,21845.333333333332,65536.0,30893.966674561052,189781.33333333334,335872.0,122164.9119000851,674.0,674.0,0.0,56934.4,6553.6,8.6875,1,ransomware_run_01,ransomware_run_01.jsonl
31,10.0,1,1,0,0,0.0,0.0,0.0,0.0,0.0,0.0,0,0,0,0,0,0,0,0.0,0.0,0.0,0.0,0.0,0,0,0,0,0,0,0,0.0,0.0,0.0,61.1,61.1,0.0,0.0,0.0,0.0,0.0,0.0,0.0,672.0,672.0,0.0,0.0,0.0,0.0,1,ransomware_run_01,ransomware_run_01.jsonl
32,10.0,7,5,2,0,0.2,0.0,0.0,0.0,0.0,0.0,0,1,0,0,0,0,0,0.0,0.0,0.0,0.0,0.0,0,0,0,0,0,0,0,9.28,18.9,5.656642113480399,60.80000000000001,61.2,0.4604345773288545,35225.6,94208.0,34813.590504858876,1241907.2,3440640.0,1224569.4684638188,674.0,674.0,0.0,620953.6,17612.8,35.25581395348837,1,ransomware_run_01,ransomware_run_01.jsonl
33,10.0,6,5,1,0,0.1,0.0,0.0,0.0,0.0,0.0,0,1,0,0,0,0,0,0.0,0.0,0.0,0.0,0.0,0,0,0,0,0,0,0,4.84,8.9,2.331179958733345,60.8,61.2,0.236643191323985,29491.2,126976.0,49383.561209779116,685670.4,2035712.0,721326.8821391866,674.4,676.0,0.8,342835.2,14745.6,23.25,1,ransomware_run_01,ransomware_run_01.jsonl
34,10.0,5,5,0,0,0.0,0.0,0.0,0.0,0.0,0.0,0,0,0,0,0,0,0,0.0,0.0,0.0,0.0,0.0,0,0,0,0,0,0,0,2.44,3.5,0.6621178142898739,60.4,60.6,0.1414213562373095,3276.8,8192.0,4013.2439945759593,995328.0,4542464.0,1779488.3320900982,674.2,675.0,0.4,497664.0,1638.4,303.75,1,ransomware_run_01,ransomware_run_01.jsonl
35,10.0,7,5,2,0,0.2,0.0,0.0,0.0,0.0,0.0,0,2,0,0,0,0,0,0.0,0.0,0.0,0.0,0.0,0,0,0,0,0,0,0,2.0,2.4,0.31622776601683783,60.35999999999999,60.8,0.2416609194718898,11468.8,32768.0,14283.240058194078,147456.0,417792.0,168464.650848776,673.2,674.0,0.4000000000000001,73728.0,5734.4,12.857142857142858,1,ransomware_run_01,ransomware_run_01.jsonl
36,10.0,5,5,0,0,0.0,0.0,0.0,0.0,0.0,0.0,0,0,0,0,0,0,0,0.0,0.0,0.0,0.0,0.0,0,0,0,0,0,0,0,2.2600000000000002,3.2,0.5462600113499066,60.459999999999994,60.8,0.24166091947189133,0.0,0.0,0.0,107315.2,237568.0,99031.75947624075,671.6,673.0,0.8,53657.6,0.0,53657.6,1,ransomware_run_01,ransomware_run_01.jsonl
37,10.0,6,5,1,0,0.1,0.0,0.0,0.0,0.0,0.0,0,1,0,0,0,0,0,0.0,0.0,0.0,0.0,0.0,0,0,0,0,0,0,0,2.2600000000000002,2.7,0.31368774282716244,60.379999999999995,60.6,0.17204650534085267,13107.2,65536.0,26214.4,436633.6,1667072.0,635910.2989704129,672.0,672.0,0.0,218316.8,6553.6,33.31249999999999,1,ransomware_run_01,ransomware_run_01.jsonl
38,10.0,5,5,0,0,0.0,0.0,0.0,0.0,0.0,0.0,0,0,0,0,0,0,0,0.0,0.0,0.0,0.0,0.0,0,0,0,0,0,0,0,1.8800000000000001,2.4,0.3655133376499413,60.279999999999994,60.5,0.1469693845669895,0.0,0.0,0.0,144179.2,393216.0,163376.49637374404,672.0,672.0,0.0,72089.6,0.0,72089.6,1,ransomware_run_01,ransomware_run_01.jsonl
39,10.0,6,5,1,0,0.1,0.0,0.0,0.0,0.0,0.0,0,1,0,0,0,0,0,0.0,0.0,0.0,0.0,0.0,0,0,0,0,0,0,0,2.0,2.5,0.2966479394838265,60.32000000000001,60.5,0.15999999999999925,3276.8,16384.0,6553.6,93388.8,217088.0,94453.44027699574,672.0,672.0,0.0,46694.4,1638.4,28.5,1,ransomware_run_01,ransomware_run_01.jsonl
40,10.0,7,5,2,0,0.2,0.0,0.0,0.0,0.0,0.0,0,1,0,0,0,0,0,0.0,0.0,0.0,0.0,0.0,0,0,0,0,0,0,0,5.8,9.9,3.3567841753678476,60.82000000000001,61.5,0.5635601121442144,16384.0,49152.0,20724.30287367949,414515.2,1597440.0,600152.204302342,672.2,673.0,0.4000000000000001,207257.6,8192.0,25.3,1,ransomware_run_01,ransomware_run_01.jsonl
41,10.0,24,5,3,16,0.3,1.6,0.8,0.8,0.0,0.0,0,2,0,8,8,0,0,0.0,0.5,0.5,0.0,0.0,1,1,0,0,4,0,1,4.64,6.8,1.3690872872099864,60.82000000000001,61.2,0.36551333764994326,5734.4,28672.0,11468.8,955187.2,3043328.0,1102268.2274754,673.2,674.0,1.1661903789690602,477593.6,2867.2,166.57142857142858,1,ransomware_run_01,ransomware_run_01.jsonl
42,10.0,26,5,1,20,0.1,2.0,1.0,1.0,0.0,0.0,0,1,0,10,10,0,0,0.0,0.5,0.5,0.0,0.0,1,1,0,0,2,0,1,3.02,4.1,0.7025667228100118,60.44,60.8,0.26532998322843204,2457.6,12288.0,4915.2,250675.2,421888.0,151172.9226632865,674.2,675.0,0.4,125337.6,1228.8,102.00000000000001,1,ransomware_run_01,ransomware_run_01.jsonl
43,10.0,25,5,0,20,0.0,2.0,1.0,1.0,0.0,0.0,0,0,0,10,10,0,0,0.0,0.5,0.5,0.0,0.0,1,1,0,0,2,0,1,4.4399999999999995,6.0,1.2175385004179538,60.78000000000001,61.2,0.39698866482558637,16384.0,81920.0,32768.0,911769.6,3543040.0,1323634.5523192722,675.0,675.0,0.0,455884.8,8192.0,55.65,1,ransomware_run_01,ransomware_run_01.jsonl
44,10.0,78,5,8,65,0.8,6.5,0.2,3.3,0.0,3.0,0,1,1,2,33,0,30,0.46153846153846156,0.5076923076923077,0.03076923076923077,0.0,0.9090909090909091,2,1,30,30,61,30,1,4.0,9.9,3.0232432915661946,60.8,61.5,0.3898717737923586,819.2,4096.0,1638.4000000000003,445644.8,1372160.0,494883.5950364085,680.6,682.0,2.8000000000000003,222822.4,409.6,544.0,1,ransomware_run_01,ransomware_run_01.jsonl
45,10.0,4,4,0,0,0.0,0.0,0.0,0.0,0.0,0.0,0,0,0,0,0,0,0,0.0,0.0,0.0,0.0,0.0,0,0,0,0,0,0,0,2.3000000000000003,4.2,1.0977249200050077,60.625,60.8,0.10897247358851553,0.0,0.0,0.0,130048.0,245760.0,109692.34066241818,682.0,682.0,0.0,52019.2,0.0,52019.2,1,ransomware_run_01,ransomware_run_01.jsonl
46,10.0,5,5,0,0,0.0,0.0,0.0,0.0,0.0,0.0,0,0,0,0,0,0,0,0.0,0.0,0.0,0.0,0.0,0,0,0,0,0,0,0,2.2,2.9,0.4381780460041328,60.7,60.9,0.16733200530681408,0.0,0.0,0.0,446464.0,1744896.0,660582.0745930062,682.0,682.0,0.0,223232.0,0.0,223232.0,1,ransomware_run_01,ransomware_run_01.jsonl
47,10.0,5,5,0,0,0.0,0.0,0.0,0.0,0.0,0.0,0,0,0,0,0,0,0,0.0,0.0,0.0,0.0,0.0,0,0,0,0,0,0,0,2.18,2.6,0.342928563989645,60.7,61.0,0.17888543819998254,13926.4,65536.0,25853.515920276684,174489.6,442368.0,184194.34650346902,682.0,682.0,0.0,87244.8,6963.2,12.529411764705882,1,ransomware_run_01,ransomware_run_01.jsonl
48,10.0,6,5,1,0,0.1,0.0,0.0,0.0,0.0,0.0,0,1,0,0,0,0,0,0.0,0.0,0.0,0.0,0.0,0,0,0,0,0,0,0,3.2599999999999993,7.8,2.2896287908741892,60.52,60.9,0.3187475490101828,0.0,0.0,0.0,233472.0,598016.0,236889.0712481266,677.4,681.0,4.409081537009721,116736.0,0.0,116736.0,1,ransomware_run_01,ransomware_run_01.jsonl
49,10.0,6,5,1,0,0.1,0.0,0.0,0.0,0.0,0.0,0,1,0,0,0,0,0,0.0,0.0,0.0,0.0,0.0,0,0,0,0,0,0,0,2.2199999999999998,3.7,0.7782030583337488,60.379999999999995,60.6,0.14696938456699105,0.0,0.0,0.0,386662.4,1392640.0,524752.4342932008,673.0,673.0,0.0,193331.2,0.0,193331.2,1,ransomware_run_01,ransomware_run_01.jsonl
50,10.0,5,5,0,0,0.0,0.0,0.0,0.0,0.0,0.0,0,0,0,0,0,0,0,0.0,0.0,0.0,0.0,0.0,0,0,0,0,0,0,0,2.7,5.0,1.2132600710482482,60.56,61.1,0.28000000000000125,3276.8,16384.0,6553.600000000001,154009.6,352256.0,153795.93689509484,673.0,673.0,0.0,77004.8,1638.4,47.0,1,ransomware_run_01,ransomware_run_01.jsonl
51,10.0,1,1,0,0,0.0,0.0,0.0,0.0,0.0,0.0,0,0,0,0,0,0,0,0.0,0.0,0.0,0.0,0.0,0,0,0,0,0,0,0,4.4,4.4,0.0,61.2,61.2,0.0,0.0,0.0,0.0,94208.0,94208.0,0.0,673.0,673.0,0.0,9420.8,0.0,9420.8,1,ransomware_run_01,ransomware_run_01.jsonl
0,10.0,7,5,2,0,0.2,0.0,0.0,0.0,0.0,0.0,0,1,0,0,0,0,0,0.0,0.0,0.0,0.0,0.0,0,0,0,0,0,0,0,3.88,7.5,2.4685218248984553,60.6,61.0,0.4604345773288533,819.2,4096.0,1638.4000000000003,615219.2,2584576.0,1000589.6729985574,672.6,673.0,0.8,307609.6,409.6,750.9999999999999,1,ransomware_run_02,ransomware_run_02.jsonl
1,10.0,6,5,1,0,0.1,0.0,0.0,0.0,0.0,0.0,0,1,0,0,0,0,0,0.0,0.0,0.0,0.0,0.0,0,0,0,0,0,0,0,3.7,5.4,1.0564090116995406,60.2,60.6,0.22803508501982836,2457.6,12288.0,4915.2,975667.2,4194304.0,1615879.8389670437,673.8,674.0,0.4000000000000001,487833.6,1228.8,397.0,1,ransomware_run_02,ransomware_run_02.jsonl
2,10.0,5,5,0,0,0.0,0.0,0.0,0.0,0.0,0.0,0,0,0,0,0,0,0,0.0,0.0,0.0,0.0,0.0,0,0,0,0,0,0,0,3.22,4.3,0.9019977827023744,60.220000000000006,60.4,0.11661903789690449,253132.8,1232896.0,490045.96038755385,401408.0,1253376.0,455632.82452430925,674.0,674.0,0.0,200704.0,126566.4,1.5857605177993528,1,ransomware_run_02,ransomware_run_02.jsonl
3,10.0,5,5,0,0,0.0,0.0,0.0,0.0,0.0,0.0,0,0,0,0,0,0,0,0.0,0.0,0.0,0.0,0.0,0,0,0,0,0,0,0,7.360000000000001,9.6,2.1209431864149497,60.8,61.0,0.3521363372331795,32768.0,65536.0,20724.30287367949,424345.6,913408.0,311485.65170267475,674.0,674.0,0.0,212172.8,16384.0,12.95,1,ransomware_run_02,ransomware_run_02.jsonl
4,10.0,5,5,0,0,0.0,0.0,0.0,0.0,0.0,0.0,0,0,0,0,0,0,0,0.0,0.0,0.0,0.0,0.0,0,0,0,0,0,0,0,2.68,4.3,0.8975522268926749,60.220000000000006,60.6,0.3187475490101838,3276.8,12288.0,4776.715792257271,1558937.6,4329472.0,1655523.1426462876,672.8,674.0,0.9797958971132713,779468.8,1638.4,475.75,1,ransomware_run_02,ransomware_run_02.jsonl
5,10.0,7,5,0,2,0.0,0.2,0.1,0.1,0.0,0.0,0,0,0,1,1,0,0,0.0,0.5,0.5,0.0,0.0,1,1,0,0,2,0,0,7.06,9.2,1.8347751905887544,60.7,61.0,0.33466401061362944,40140.8,81920.0,31129.600000000002,446464.0,864256.0,264437.96302346606,671.6,673.0,0.8,223232.0,20070.4,11.122448979591836,1,ransomware_run_02,ransomware_run_02.jsonl
6,10.0,30,5,5,20,0.5,2.0,1.0,1.0,0.0,0.0,0,2,1,10,10,0,0,0.0,0.5,0.5,0.0,0.0,1,1,0,0,2,0,1,4.5200000000000005,6.8,1.493184516394407,60.7,61.1,0.346410161513775,19660.8,98304.0,39321.6,383385.6,897024.0,303630.4876138758,674.4,675.0,1.2,191692.8,9830.4,19.5,1,ransomware_run_02,ransomware_run_02.jsonl
7,10.0,26,5,1,20,0.1,2.0,1.0,1.0,0.0,0.0,0,1,0,10,10,0,0,0.0,0.5,0.5,0.0,0.0,1,1,0,0,2,0,1,2.86,3.5,0.4029888335921977,60.32000000000001,60.7,0.2712931993250111,0.0,0.0,0.0,1411481.6,5353472.0,1979510.9880842392,675.8,676.0,0.4000000000000001,705740.8,0.0,705740.8,1,ransomware_run_02,ransomware_run_02.jsonl
8,10.0,84,5,0,79,0.0,7.9,0.9,4.0,0.0,3.0,0,0,0,9,40,0,30,0.379746835443038,0.5063291139240507,0.11392405063291139,0.0,0.75,2,1,30,30,61,30,1,2.8600000000000003,3.6,0.5083306010855535,60.2,60.6,0.2,7372.8,32768.0,12796.313069005464,161382.4,356352.0,148195.97441442194,676.0,676.0,0.0,80691.2,3686.4,21.88888888888889,1,ransomware_run_02,ransomware_run_02.jsonl
9,10.0,13,5,8,0,0.8,0.0,0.0,0.0,0.0,0.0,0,1,1,0,0,0,0,0.0,0.0,0.0,0.0,0.0,0,0,0,0,0,0,0,4.119999999999999,8.9,2.583331182794804,60.779999999999994,61.3,0.4069397989875147,0.0,0.0,0.0,336691.2,1376256.0,527111.7557855829,682.0,682.0,0.0,168345.6,0.0,168345.6,1,ransomware_run_02,ransomware_run_02.jsonl
10,10.0,5,5,0,0,0.0,0.0,0.0,0.0,0.0,0.0,0,0,0,0,0,0,0,0.0,0.0,0.0,0.0,0.0,0,0,0,0,0,0,0,2.62,3.8,0.863481325796916,60.739999999999995,61.2,0.31368774282716383,0.0,0.0,0.0,557875.2,1970176.0,711310.940163414,682.0,682.0,0.0,278937.6,0.0,278937.6,1,ransomware_run_02,ransomware_run_02.jsonl
11,10.0,5,5,0,0,0.0,0.0,0.0,0.0,0.0,0.0,0,0,0,0,0,0,0,0.0,0.0,0.0,0.0,0.0,0,0,0,0,0,0,0,2.0,2.7,0.48579831205964485,60.620000000000005,60.8,0.1599999999999991,11468.8,49152.0,19106.86316902908,132710.4,323584.0,142869.98311135898,682.0,682.0,0.0,66355.2,5734.4,11.571428571428571,1,ransomware_run_02,ransomware_run_02.jsonl
12,10.0,5,5,0,0,0.0,0.0,0.0,0.0,0.0,0.0,0,0,0,0,0,0,0,0.0,0.0,0.0,0.0,0.0,0,0,0,0,0,0,0,2.32,3.5,0.7138627319029899,60.68000000000001,60.8,0.1469693845669893,75366.4,376832.0,150732.8,105676.8,249856.0,105240.89943819371,682.0,682.0,0.0,52838.4,37683.2,1.4021739130434785,1,ransomware_run_02,ransomware_run_02.jsonl
13,10.0,7,5,2,0,0.2,0.0,0.0,0.0,0.0,0.0,0,1,0,0,0,0,0,0.0,0.0,0.0,0.0,0.0,0,0,0,0,0,0,0,5.78,10.9,3.4654869787664766,60.839999999999996,61.5,0.4673328578219166,27852.8,118784.0,45860.56909546588,455475.2,1626112.0,602161.5957805347,676.0,682.0,3.0983866769659336,227737.6,13926.4,16.35294117647059,1,ransomware_run_02,ransomware_run_02.jsonl
14,10.0,3,3,0,0,0.0,0.0,0.0,0.0,0.0,0.0,0,0,0,0,0,0,0,0.0,0.0,0.0,0.0,0.0,0,0,0,0,0,0,0,2.6,3.5,0.648074069840786,60.53333333333333,60.8,0.2054804667656324,21845.333333333332,65536.0,30893.966674561052,189781.33333333334,335872.0,122164.9119000851,674.0,674.0,0.0,56934.4,6553.6,8.6875,1,ransomware_run_02,ransomware_run_02.jsonl
31,10.0,1,1,0,0,0.0,0.0,0.0,0.0,0.0,0.0,0,0,0,0,0,0,0,0.0,0.0,0.0,0.0,0.0,0,0,0,0,0,0,0,0.0,0.0,0.0,61.1,61.1,0.0,0.0,0.0,0.0,0.0,0.0,0.0,672.0,672.0,0.0,0.0,0.0,0.0,1,ransomware_run_02,ransomware_run_02.jsonl
32,10.0,7,5,2,0,0.2,0.0,0.0,0.0,0.0,0.0,0,1,0,0,0,0,0,0.0,0.0,0.0,0.0,0.0,0,0,0,0,0,0,0,9.28,18.9,5.656642113480399,60.80000000000001,61.2,0.4604345773288545,35225.6,94208.0,34813.590504858876,1241907.2,3440640.0,1224569.4684638188,674.0,674.0,0.0,620953.6,17612.8,35.25581395348837,1,ransomware_run_02,ransomware_run_02.jsonl
33,10.0,6,5,1,0,0.1,0.0,0.0,0.0,0.0,0.0,0,1,0,0,0,0,0,0.0,0.0,0.0,0.0,0.0,0,0,0,0,0,0,0,4.84,8.9,2.331179958733345,60.8,61.2,0.236643191323985,29491.2,126976.0,49383.561209779116,685670.4,2035712.0,721326.8821391866,674.4,676.0,0.8,342835.2,14745.6,23.25,1,ransomware_run_02,ransomware_run_02.jsonl
34,10.0,5,5,0,0,0.0,0.0,0.0,0.0,0.0,0.0,0,0,0,0,0,0,0,0.0,0.0,0.0,0.0,0.0,0,0,0,0,0,0,0,2.44,3.5,0.6621178142898739,60.4,60.6,0.1414213562373095,3276.8,8192.0,4013.2439945759593,995328.0,4542464.0,1779488.3320900982,674.2,675.0,0.4,497664.0,1638.4,303.75,1,ransomware_run_02,ransomware_run_02.jsonl
35,10.0,7,5,2,0,0.2,0.0,0.0,0.0,0.0,0.0,0,2,0,0,0,0,0,0.0,0.0,0.0,0.0,0.0,0,0,0,0,0,0,0,2.0,2.4,0.31622776601683783,60.35999999999999,60.8,0.2416609194718898,11468.8,32768.0,14283.240058194078,147456.0,417792.0,168464.650848776,673.2,674.0,0.4000000000000001,73728.0,5734.4,12.857142857142858,1,ransomware_run_02,ransomware_run_02.jsonl
36,10.0,5,5,0,0,0.0,0.0,0.0,0.0,0.0,0.0,0,0,0,0,0,0,0,0.0,0.0,0.0,0.0,0.0,0,0,0,0,0,0,0,2.2600000000000002,3.2,0.5462600113499066,60.459999999999994,60.8,0.24166091947189133,0.0,0.0,0.0,107315.2,237568.0,99031.75947624075,671.6,673.0,0.8,53657.6,0.0,53657.6,1,ransomware_run_02,ransomware_run_02.jsonl
37,10.0,6,5,1,0,0.1,0.0,0.0,0.0,0.0,0.0,0,1,0,0,0,0,0,0.0,0.0,0.0,0.0,0.0,0,0,0,0,0,0,0,2.2600000000000002,2.7,0.31368774282716244,60.379999999999995,60.6,0.17204650534085267,13107.2,65536.0,26214.4,436633.6,1667072.0,635910.2989704129,672.0,672.0,0.0,218316.8,6553.6,33.31249999999999,1,ransomware_run_02,ransomware_run_02.jsonl
38,10.0,5,5,0,0,0.0,0.0,0.0,0.0,0.0,0.0,0,0,0,0,0,0,0,0.0,0.0,0.0,0.0,0.0,0,0,0,0,0,0,0,1.8800000000000001,2.4,0.3655133376499413,60.279999999999994,60.5,0.1469693845669895,0.0,0.0,0.0,144179.2,393216.0,163376.49637374404,672.0,672.0,0.0,72089.6,0.0,72089.6,1,ransomware_run_02,ransomware_run_02.jsonl
39,10.0,6,5,1,0,0.1,0.0,0.0,0.0,0.0,0.0,0,1,0,0,0,0,0,0.0,0.0,0.0,0.0,0.0,0,0,0,0,0,0,0,2.0,2.5,0.2966479394838265,60.32000000000001,60.5,0.15999999999999925,3276.8,16384.0,6553.6,93388.8,217088.0,94453.44027699574,672.0,672.0,0.0,46694.4,1638.4,28.5,1,ransomware_run_02,ransomware_run_02.jsonl
40,10.0,7,5,2,0,0.2,0.0,0.0,0.0,0.0,0.0,0,1,0,0,0,0,0,0.0,0.0,0.0,0.0,0.0,0,0,0,0,0,0,0,5.8,9.9,3.3567841753678476,60.82000000000001,61.5,0.5635601121442144,16384.0,49152.0,20724.30287367949,414515.2,1597440.0,600152.204302342,672.2,673.0,0.4000000000000001,207257.6,8192.0,25.3,1,ransomware_run_02,ransomware_run_02.jsonl
41,10.0,24,5,3,16,0.3,1.6,0.8,0.8,0.0,0.0,0,2,0,8,8,0,0,0.0,0.5,0.5,0.0,0.0,1,1,0,0,4,0,1,4.64,6.8,1.3690872872099864,60.82000000000001,61.2,0.36551333764994326,5734.4,28672.0,11468.8,955187.2,3043328.0,1102268.2274754,673.2,674.0,1.1661903789690602,477593.6,2867.2,166.57142857142858,1,ransomware_run_02,ransomware_run_02.jsonl
42,10.0,26,5,1,20,0.1,2.0,1.0,1.0,0.0,0.0,0,1,0,10,10,0,0,0.0,0.5,0.5,0.0,0.0,1,1,0,0,2,0,1,3.02,4.1,0.7025667228100118,60.44,60.8,0.26532998322843204,2457.6,12288.0,4915.2,250675.2,421888.0,151172.9226632865,674.2,675.0,0.4,125337.6,1228.8,102.00000000000001,1,ransomware_run_02,ransomware_run_02.jsonl
43,10.0,25,5,0,20,0.0,2.0,1.0,1.0,0.0,0.0,0,0,0,10,10,0,0,0.0,0.5,0.5,0.0,0.0,1,1,0,0,2,0,1,4.4399999999999995,6.0,1.2175385004179538,60.78000000000001,61.2,0.39698866482558637,16384.0,81920.0,32768.0,911769.6,3543040.0,1323634.5523192722,675.0,675.0,0.0,455884.8,8192.0,55.65,1,ransomware_run_02,ransomware_run_02.jsonl
44,10.0,78,5,8,65,0.8,6.5,0.2,3.3,0.0,3.0,0,1,1,2,33,0,30,0.46153846153846156,0.5076923076923077,0.03076923076923077,0.0,0.9090909090909091,2,1,30,30,61,30,1,4.0,9.9,3.0232432915661946,60.8,61.5,0.3898717737923586,819.2,4096.0,1638.4000000000003,445644.8,1372160.0,494883.5950364085,680.6,682.0,2.8000000000000003,222822.4,409.6,544.0,1,ransomware_run_02,ransomware_run_02.jsonl
45,10.0,4,4,0,0,0.0,0.0,0.0,0.0,0.0,0.0,0,0,0,0,0,0,0,0.0,0.0,0.0,0.0,0.0,0,0,0,0,0,0,0,2.3000000000000003,4.2,1.0977249200050077,60.625,60.8,0.10897247358851553,0.0,0.0,0.0,130048.0,245760.0,109692.34066241818,682.0,682.0,0.0,52019.2,0.0,52019.2,1,ransomware_run_02,ransomware_run_02.jsonl
46,10.0,5,5,0,0,0.0,0.0,0.0,0.0,0.0,0.0,0,0,0,0,0,0,0,0.0,0.0,0.0,0.0,0.0,0,0,0,0,0,0,0,2.2,2.9,0.4381780460041328,60.7,60.9,0.16733200530681408,0.0,0.0,0.0,446464.0,1744896.0,660582.0745930062,682.0,682.0,0.0,223232.0,0.0,223232.0,1,ransomware_run_02,ransomware_run_02.jsonl
47,10.0,5,5,0,0,0.0,0.0,0.0,0.0,0.0,0.0,0,0,0,0,0,0,0,0.0,0.0,0.0,0.0,0.0,0,0,0,0,0,0,0,2.18,2.6,0.342928563989645,60.7,61.0,0.17888543819998254,13926.4,65536.0,25853.515920276684,174489.6,442368.0,184194.34650346902,682.0,682.0,0.0,87244.8,6963.2,12.529411764705882,1,ransomware_run_02,ransomware_run_02.jsonl
48,10.0,6,5,1,0,0.1,0.0,0.0,0.0,0.0,0.0,0,1,0,0,0,0,0,0.0,0.0,0.0,0.0,0.0,0,0,0,0,0,0,0,3.2599999999999993,7.8,2.2896287908741892,60.52,60.9,0.3187475490101828,0.0,0.0,0.0,233472.0,598016.0,236889.0712481266,677.4,681.0,4.409081537009721,116736.0,0.0,116736.0,1,ransomware_run_02,ransomware_run_02.jsonl
49,10.0,6,5,1,0,0.1,0.0,0.0,0.0,0.0,0.0,0,1,0,0,0,0,0,0.0,0.0,0.0,0.0,0.0,0,0,0,0,0,0,0,2.2199999999999998,3.7,0.7782030583337488,60.379999999999995,60.6,0.14696938456699105,0.0,0.0,0.0,386662.4,1392640.0,524752.4342932008,673.0,673.0,0.0,193331.2,0.0,193331.2,1,ransomware_run_02,ransomware_run_02.jsonl
50,10.0,5,5,0,0,0.0,0.0,0.0,0.0,0.0,0.0,0,0,0,0,0,0,0,0.0,0.0,0.0,0.0,0.0,0,0,0,0,0,0,0,2.7,5.0,1.2132600710482482,60.56,61.1,0.28000000000000125,3276.8,16384.0,6553.600000000001,154009.6,352256.0,153795.93689509484,673.0,673.0,0.0,77004.8,1638.4,47.0,1,ransomware_run_02,ransomware_run_02.jsonl
51,10.0,1,1,0,0,0.0,0.0,0.0,0.0,0.0,0.0,0,0,0,0,0,0,0,0.0,0.0,0.0,0.0,0.0,0,0,0,0,0,0,0,4.4,4.4,0.0,61.2,61.2,0.0,0.0,0.0,0.0,94208.0,94208.0,0.0,673.0,673.0,0.0,9420.8,0.0,9420.8,1,ransomware_run_02,ransomware_run_02.jsonl
121,10.0,1,1,0,0,0.0,0.0,0.0,0.0,0.0,0.0,0,0,0,0,0,0,0,0.0,0.0,0.0,0.0,0.0,0,0,0,0,0,0,0,0.0,0.0,0.0,61.5,61.5,0.0,0.0,0.0,0.0,0.0,0.0,0.0,672.0,672.0,0.0,0.0,0.0,0.0,1,ransomware_run_02,ransomware_run_02.jsonl
122,10.0,7,5,2,0,0.2,0.0,0.0,0.0,0.0,0.0,0,1,0,0,0,0,0,0.0,0.0,0.0,0.0,0.0,0,0,0,0,0,0,0,3.3,5.7,1.3401492454200763,60.56,61.1,0.33226495451672344,169574.4,593920.0,220189.62256527893,216268.8,487424.0,171805.59578127833,673.6,674.0,0.8,108134.4,84787.2,1.2753623188405796,1,ransomware_run_02,ransomware_run_02.jsonl
123,10.0,5,5,0,0,0.0,0.0,0.0,0.0,0.0,0.0,0,0,0,0,0,0,0,0.0,0.0,0.0,0.0,0.0,0,0,0,0,0,0,0,1.94,2.5,0.41761226035642196,60.48,60.7,0.13266499161421788,9011.2,40960.0,16052.975978303835,619315.2,2363392.0,882903.7976582501,674.0,674.0,0.0,309657.6,4505.6,68.72727272727272,1,ransomware_run_02,ransomware_run_02.jsonl
124,10.0,5,5,0,0,0.0,0.0,0.0,0.0,0.0,0.0,0,0,0,0,0,0,0,0.0,0.0,0.0,0.0,0.0,0,0,0,0,0,0,0,2.9,4.6,1.1081516141756054,60.620000000000005,61.1,0.27129319932501206,7372.8,36864.0,14745.600000000002,649625.6,2633728.0,1000385.7615031514,674.0,674.0,0.0,324812.8,3686.4,88.1111111111111,1,ransomware_run_02,ransomware_run_02.jsonl
125,10.0,5,5,0,0,0.0,0.0,0.0,0.0,0.0,0.0,0,0,0,0,0,0,0,0.0,0.0,0.0,0.0,0.0,0,0,0,0,0,0,0,2.42,3.6,0.6881860213634101,60.82000000000001,61.3,0.3969886648255829,13107.2,36864.0,13560.172836656619,167116.8,352256.0,147054.9568540959,674.0,674.0,0.0,83558.4,6553.6,12.749999999999998,1,ransomware_run_02,ransomware_run_02.jsonl
126,10.0,5,5,0,0,0.0,0.0,0.0,0.0,0.0,0.0,0,0,0,0,0,0,0,0.0,0.0,0.0,0.0,0.0,0,0,0,0,0,0,0,2.14,2.7,0.45431266766402184,60.5,60.8,0.22803508501982708,235110.4,1081344.0,424212.73595666594,134348.8,307200.0,126894.05355713087,672.4,674.0,1.3564659966250536,67174.4,117555.2,0.5714285714285714,1,ransomware_run_02,ransomware_run_02.jsonl
127,10.0,6,5,1,0,0.1,0.0,0.0,0.0,0.0,0.0,0,1,0,0,0,0,0,0.0,0.0,0.0,0.0,0.0,0,0,0,0,0,0,0,2.2399999999999998,3.0,0.4270831300812524,60.54,60.8,0.18547236990991472,6553.6,32768.0,13107.2,402227.2,1323008.0,480315.3402998493,672.0,672.0,0.0,201113.6,3276.8,61.375,1,ransomware_run_02,ransomware_run_02.jsonl
128,10.0,5,5,0,0,0.0,0.0,0.0,0.0,0.0,0.0,0,0,0,0,0,0,0,0.0,0.0,0.0,0.0,0.0,0,0,0,0,0,0,0,2.0200000000000005,3.4,0.7626270385975048,60.44,60.6,0.1496662954709575,0.0,0.0,0.0,162201.6,434176.0,167658.0411881279,672.0,672.0,0.0,81100.8,0.0,81100.8,1,ransomware_run_02,ransomware_run_02.jsonl
129,10.0,5,5,0,0,0.0,0.0,0.0,0.0,0.0,0.0,0,0,0,0,0,0,0,0.0,0.0,0.0,0.0,0.0,0,0,0,0,0,0,0,1.9600000000000002,2.5,0.4127953488110058,60.64000000000001,61.0,0.20591260281974041,819.2,4096.0,1638.4000000000003,112230.4,241664.0,105819.58725604632,672.0,672.0,0.0,56115.2,409.6,136.99999999999997,1,ransomware_run_02,ransomware_run_02.jsonl
130,10.0,5,5,0,0,0.0,0.0,0.0,0.0,0.0,0.0,0,0,0,0,0,0,0,0.0,0.0,0.0,0.0,0.0,0,0,0,0,0,0,0,2.0599999999999996,2.5,0.42237424163885745,60.46,60.7,0.2244994432064374,5734.4,16384.0,7141.620029097039,506265.6,1667072.0,610996.9027671416,672.0,672.0,0.0,253132.8,2867.2,88.28571428571429,1,ransomware_run_02,ransomware_run_02.jsonl
131,10.0,5,5,0,0,0.0,0.0,0.0,0.0,0.0,0.0,0,0,0,0,0,0,0,0.0,0.0,0.0,0.0,0.0,0,0,0,0,0,0,0,1.92,2.4,0.35440090293338694,60.42,60.7,0.2400000000000015,0.0,0.0,0.0,121241.6,270336.0,116850.20098159865,671.2,672.0,0.4000000000000001,60620.8,0.0,60620.8,1,ransomware_run_02,ransomware_run_02.jsonl
132,10.0,5,5,0,0,0.0,0.0,0.0,0.0,0.0,0.0,0,0,0,0,0,0,0,0.0,0.0,0.0,0.0,0.0,0,0,0,0,0,0,0,3.3,4.7,1.07144761887831,60.42,60.9,0.33105890714493647,0.0,0.0,0.0,108953.6,249856.0,96672.54212360406,671.0,671.0,0.0,54476.8,0.0,54476.8,1,ransomware_run_02,ransomware_run_02.jsonl
133,10.0,6,5,1,0,0.1,0.0,0.0,0.0,0.0,0.0,0,1,0,0,0,0,0,0.0,0.0,0.0,0.0,0.0,0,0,0,0,0,0,0,2.92,3.7,0.5491812087098392,60.64,61.0,0.272763633939716,6553.6,32768.0,13107.2,356352.0,1110016.0,407456.2782061408,672.0,672.0,0.0,178176.0,3276.8,54.375,1,ransomware_run_02,ransomware_run_02.jsonl
134,10.0,5,5,0,0,0.0,0.0,0.0,0.0,0.0,0.0,0,0,0,0,0,0,0,0.0,0.0,0.0,0.0,0.0,0,0,0,0,0,0,0,2.02,2.4,0.3709447398198282,60.499999999999986,60.7,0.14142135623731153,1331200.0,5713920.0,2221527.8207936087,3520102.4,16941056.0,6711701.450505246,672.0,672.0,0.0,1760051.2,665600.0,2.644307692307692,1,ransomware_run_02,ransomware_run_02.jsonl
135,10.0,9,5,4,0,0.4,0.0,0.0,0.0,0.0,0.0,0,1,0,0,0,0,0,0.0,0.0,0.0,0.0,0.0,0,0,0,0,0,0,0,2.28,3.0,0.6554387843269576,60.52,60.8,0.17204650534085267,819.2,4096.0,1638.4,211353.6,495616.0,168297.25826596224,675.6,676.0,0.8,105676.8,409.6,258.0,1,ransomware_run_02,ransomware_run_02.jsonl
136,10.0,5,5,0,0,0.0,0.0,0.0,0.0,0.0,0.0,0,0,0,0,0,0,0,0.0,0.0,0.0,0.0,0.0,0,0,0,0,0,0,0,3.5800000000000005,6.2,1.3585286158193357,60.760000000000005,61.4,0.3261901286060009,9830.4,49152.0,19660.8,449740.8,1671168.0,620412.9952805308,676.2,677.0,0.4,224870.4,4915.2,45.75,1,ransomware_run_02,ransomware_run_02.jsonl
137,10.0,2,2,0,0,0.0,0.0,0.0,0.0,0.0,0.0,0,0,0,0,0,0,0,0.0,0.0,0.0,0.0,0.0,0,0,0,0,0,0,0,4.25,5.7,1.4500000000000002,61.05,61.1,0.05000000000000071,24576.0,49152.0,24576.0,217088.0,409600.0,192512.0,676.0,676.0,0.0,43417.6,4915.2,8.833333333333334,1,ransomware_run_02,ransomware_run_02.jsonl
174,10.0,2,2,0,0,0.0,0.0,0.0,0.0,0.0,0.0,0,0,0,0,0,0,0,0.0,0.0,0.0,0.0,0.0,0,0,0,0,0,0,0,3.5,7.0,3.5,61.25,61.4,0.14999999999999858,135168.0,270336.0,135168.0,180224.0,360448.0,180224.0,671.0,671.0,0.0,36044.8,27033.6,1.3333333333333335,1,ransomware_run_02,ransomware_run_02.jsonl
175,10.0,7,5,2,0,0.2,0.0,0.0,0.0,0.0,0.0,0,1,0,0,0,0,0,0.0,0.0,0.0,0.0,0.0,0,0,0,0,0,0,0,3.84,4.5,0.5122499389946278,60.67999999999999,61.0,0.25612496949731456,161382.4,516096.0,181478.22485532524,719257.6,2625536.0,963170.1977369523,673.0,673.0,0.0,359628.8,80691.2,4.456852791878172,1,ransomware_run_02,ransomware_run_02.jsonl
176,10.0,5,5,0,0,0.0,0.0,0.0,0.0,0.0,0.0,0,0,0,0,0,0,0,0.0,0.0,0.0,0.0,0.0,0,0,0,0,0,0,0,6.0,10.4,2.6313494636782857,60.8,61.5,0.3577708763999659,188416.0,770048.0,294729.8993342888,383385.6,1474560.0,557878.207334038,673.0,673.0,0.0,191692.8,94208.0,2.034782608695652,1,ransomware_run_02,ransomware_run_02.jsonl
177,10.0,5,5,0,0,0.0,0.0,0.0,0.0,0.0,0.0,0,0,0,0,0,0,0,0.0,0.0,0.0,0.0,0.0,0,0,0,0,0,0,0,7.700000000000001,12.7,3.3304654329387655,61.0,61.8,0.4242640687119268,1823539.2,5804032.0,2228710.9491447653,667648.0,2084864.0,738339.647405718,673.0,673.0,0.0,333824.0,911769.6,0.3661275831087152,1,ransomware_run_02,ransomware_run_02.jsonl
178,10.0,5,5,0,0,0.0,0.0,0.0,0.0,0.0,0.0,0,0,0,0,0,0,0,0.0,0.0,0.0,0.0,0.0,0,0,0,0,0,0,0,3.9599999999999995,4.7,0.5462600113499066,60.52,60.8,0.2315167380558035,61440.0,147456.0,50763.96731540986,890470.4,3772416.0,1448878.8158740676,673.0,673.0,0.0,445235.2,30720.0,14.493333333333334,1,ransomware_run_02,ransomware_run_02.jsonl
179,10.0,5,5,0,0,0.0,0.0,0.0,0.0,0.0,0.0,0,0,0,0,0,0,0,0.0,0.0,0.0,0.0,0.0,0,0,0,0,0,0,0,3.0799999999999996,3.7,0.3429285639896451,60.52,60.7,0.11661903789690767,141721.6,606208.0,233228.98791496738,185958.4,389120.0,146350.4869627703,671.4,673.0,0.8,92979.2,70860.8,1.3121387283236994,1,ransomware_run_02,ransomware_run_02.jsonl
180,10.0,5,5,0,0,0.0,0.0,0.0,0.0,0.0,0.0,0,0,0,0,0,0,0,0.0,0.0,0.0,0.0,0.0,0,0,0,0,0,0,0,3.12,3.3,0.19390719429665318,60.6,60.8,0.18973665961010247,242483.2,1196032.0,476816.62493432424,110592.0,249856.0,98269.86073868224,671.4,673.0,0.8,55296.0,121241.6,0.4560810810810811,1,ransomware_run_02,ransomware_run_02.jsonl
181,10.0,7,5,2,0,0.2,0.0,0.0,0.0,0.0,0.0,0,2,0,0,0,0,0,0.0,0.0,0.0,0.0,0.0,0,0,0,0,0,0,0,3.34,3.7,0.349857113690718,60.52,60.7,0.11661903789690767,42598.4,114688.0,39593.725046274696,408780.8,1363968.0,499929.51069461775,672.0,672.0,0.0,204390.4,21299.2,9.596153846153845,1,ransomware_run_02,ransomware_run_02.jsonl
187,10.0,4,3,1,0,0.1,0.0,0.0,0.0,0.0,0.0,0,1,0,0,0,0,0,0.0,0.0,0.0,0.0,0.0,0,0,0,0,0,0,0,7.533333333333334,15.0,6.123905797954621,61.26666666666667,61.4,0.12472191289246332,495616.0,1302528.0,575513.5083314726,481962.6666666667,1212416.0,525229.3770848018,672.6666666666666,673.0,0.4714045207910317,144588.8,148684.8,0.9724517906336088,1,ransomware_run_02,ransomware_run_02.jsonl
188,10.0,5,5,0,0,0.0,0.0,0.0,0.0,0.0,0.0,0,0,0,0,0,0,0,0.0,0.0,0.0,0.0,0.0,0,0,0,0,0,0,0,9.66,14.4,3.7489198444351937,60.67999999999999,61.2,0.2785677655436837,1383628.8,4599808.0,1701731.7927831518,830668.8,1843200.0,716944.6327226113,673.0,673.0,0.0,415334.4,691814.4,0.6003552397868561,1,ransomware_run_02,ransomware_run_02.jsonl
189,10.0,5,5,0,0,0.0,0.0,0.0,0.0,0.0,0.0,0,0,0,0,0,0,0,0.0,0.0,0.0,0.0,0.0,0,0,0,0,0,0,0,6.779999999999999,12.5,3.287795614085523,61.2,61.6,0.37947331922020566,35023257.6,174567424.0,69772195.03666233,615219.2,2060288.0,750717.1327072268,672.8,673.0,0.4,307609.6,17511628.8,0.0175660187589175,1,ransomware_run_02,ransomware_run_02.jsonl
190,10.0,5,5,0,0,0.0,0.0,0.0,0.0,0.0,0.0,0,0,0,0,0,0,0,0.0,0.0,0.0,0.0,0.0,0,0,0,0,0,0,0,6.8,11.6,3.216830738475371,61.08,62.2,0.6177378084592212,181862.4,675840.0,253192.44345880466,1078886.4,4235264.0,1596850.9075844996,672.0,672.0,0.0,539443.2,90931.2,5.9324324324324325,1,ransomware_run_02,ransomware_run_02.jsonl
191,10.0,26,5,5,16,0.5,1.6,0.8,0.8,0.0,0.0,0,2,1,8,8,0,0,0.0,0.5,0.5,0.0,0.0,1,1,0,0,4,0,1,5.699999999999999,8.9,1.8384776310850237,61.04,61.6,0.500399840127873,918323.2,1617920.0,414270.66304743325,1377075.2,4292608.0,1497161.4572402537,673.8,675.0,1.1661903789690602,688537.6,459161.6,1.4995539696699376,1,ransomware_run_02,ransomware_run_02.jsonl
192,10.0,26,5,1,20,0.1,2.0,1.0,1.0,0.0,0.0,0,1,0,10,10,0,0,0.0,0.5,0.5,0.0,0.0,1,1,0,0,2,0,1,2.84,3.7,0.5043808085167398,60.9,61.3,0.45166359162544906,241664.0,1196032.0,477193.6685715769,198246.4,356352.0,130317.18660192139,675.2,676.0,0.4,99123.2,120832.0,0.8203389830508474,1,ransomware_run_02,ransomware_run_02.jsonl
193,10.0,25,5,0,20,0.0,2.0,1.0,1.0,0.0,0.0,0,0,0,10,10,0,0,0.0,0.5,0.5,0.0,0.0,1,1,0,0,2,0,1,2.94,4.2,0.6711184694225008,60.879999999999995,61.0,0.14696938456699007,37683.2,114688.0,46730.3160117712,756940.8,2732032.0,1000743.9205339996,676.0,676.0,0.0,378470.4,18841.6,20.086956521739133,1,ransomware_run_02,ransomware_run_02.jsonl
194,10.0,79,5,9,65,0.9,6.5,0.2,3.3,0.0,3.0,0,1,1,2,33,0,30,0.46153846153846156,0.5076923076923077,0.03076923076923077,0.0,0.9090909090909091,2,1,30,30,61,30,1,4.1000000000000005,8.3,2.5713809519400272,60.82000000000001,61.2,0.2561249694973153,17203.2,57344.0,21424.86008729112,465305.6,1421312.0,506644.5701331852,680.4,682.0,2.3323807579381204,232652.8,8601.6,27.047619047619044,1,ransomware_run_02,ransomware_run_02.jsonl
195,10.0,5,5,0,0,0.0,0.0,0.0,0.0,0.0,0.0,0,0,0,0,0,0,0,0.0,0.0,0.0,0.0,0.0,0,0,0,0,0,0,0,3.02,5.4,1.2607934009979591,61.14,61.8,0.4270831300812515,12288.0,36864.0,15543.227155259618,195788.8,315392.0,114670.44437063982,682.0,682.0,0.0,97894.4,6144.0,15.933333333333332,1,ransomware_run_02,ransomware_run_02.jsonl
196,10.0,5,5,0,0,0.0,0.0,0.0,0.0,0.0,0.0,0,0,0,0,0,0,0,0.0,0.0,0.0,0.0,0.0,0,0,0,0,0,0,0,1.9600000000000002,2.8,0.5425863986500213,60.82000000000001,61.1,0.17204650534085217,36044.8,114688.0,44749.620129784336,397312.0,1425408.0,527058.2810672838,682.0,682.0,0.0,198656.0,18022.4,11.022727272727272,1,ransomware_run_02,ransomware_run_02.jsonl
197,10.0,5,5,0,0,0.0,0.0,0.0,0.0,0.0,0.0,0,0,0,0,0,0,0,0.0,0.0,0.0,0.0,0.0,0,0,0,0,0,0,0,2.68,3.9,0.6939740629158989,60.92,61.6,0.38678159211627416,10649.6,20480.0,8823.054020009171,137625.6,339968.0,141477.52392744226,682.0,682.0,0.0,68812.8,5324.8,12.923076923076923,1,ransomware_run_02,ransomware_run_02.jsonl
0,10.0,7,5,2,0,0.2,0.0,0.0,0.0,0.0,0.0,0,1,0,0,0,0,0,0.0,0.0,0.0,0.0,0.0,0,0,0,0,0,0,0,3.6,8.9,2.924380276229479,64.74000000000001,65.5,0.5953150426454906,60620.8,294912.0,117188.55715879431,1726873.6,8265728.0,3272273.4559349776,749.6,750.0,0.8,863436.8,30310.4,28.486486486486488,1,ransomware_run_03,ransomware_run_03.jsonl
1,10.0,13,5,0,8,0.0,0.8,0.4,0.4,0.0,0.0,0,0,0,4,4,0,0,0.0,0.5,0.5,0.0,0.0,1,1,0,0,8,0,0,8.76,13.8,4.018258329176958,65.28,66.5,0.7678541528180984,141721.6,552960.0,210688.9393903724,1099366.4,3362816.0,1141259.3884402616,750.0,750.0,0.0,549683.2,70860.8,7.757225433526011,1,ransomware_run_03,ransomware_run_03.jsonl
2,10.0,94,5,11,78,1.1,7.8,3.9,3.9,0.0,0.0,0,3,1,39,39,0,0,0.0,0.5,0.5,0.0,0.0,1,1,0,0,8,0,1,16.8,21.4,3.895125158451266,65.2,65.5,0.24494897427832013,627507.2,2048000.0,777780.2498840917,1405747.2,3944448.0,1312077.1214172433,755.6,759.0,2.65329983228432,702873.6,313753.6,2.2402088772845956,1,ransomware_run_03,ransomware_run_03.jsonl
3,10.0,126,5,7,114,0.7,11.4,0.7,5.7,0.0,5.0,0,1,1,7,57,0,50,0.43859649122807015,0.5,0.06140350877192982,0.0,0.8771929824561403,2,1,50,50,70,35,1,16.34,21.0,3.4690632741418828,65.17999999999999,65.4,0.14696938456699316,486604.8,2408448.0,960937.3134265107,1453260.8,4980736.0,1852420.06429626,759.0,761.0,1.2649110640673518,726630.4,243302.4,2.9865319865319866,1,ransomware_run_03,ransomware_run_03.jsonl
4,10.0,5,5,0,0,0.0,0.0,0.0,0.0,0.0,0.0,0,0,0,0,0,0,0,0.0,0.0,0.0,0.0,0.0,0,0,0,0,0,0,0,3.5200000000000005,5.3,1.1513470371699404,65.14,65.7,0.47581509013481005,222822.4,1052672.0,415170.3660299468,162201.6,397312.0,163154.5340903525,761.0,761.0,0.0,81100.8,111411.2,0.7279411764705883,1,ransomware_run_03,ransomware_run_03.jsonl
5,10.0,1,1,0,0,0.0,0.0,0.0,0.0,0.0,0.0,0,0,0,0,0,0,0,0.0,0.0,0.0,0.0,0.0,0,0,0,0,0,0,0,5.3,5.3,0.0,65.6,65.6,0.0,12288.0,12288.0,0.0,53248.0,53248.0,0.0,761.0,761.0,0.0,5324.8,1228.8,4.333333333333334,1,ransomware_run_03,ransomware_run_03.jsonl
0,10.0,20,0,0,20,0.0,2.0,1.0,1.0,0.0,0.0,0,0,0,10,10,0,0,0.0,0.5,0.5,0.0,0.0,1,1,0,0,4,0,1,0.0,0.0,0.0,0.0,0.0,0.0,0.0,0.0,0.0,0.0,0.0,0.0,0.0,0.0,0.0,0.0,0.0,0.0,1,ransomware_run_04,ransomware_run_04.jsonl
1,10.0,20,0,0,20,0.0,2.0,1.0,1.0,0.0,0.0,0,0,0,10,10,0,0,0.0,0.5,0.5,0.0,0.0,1,1,0,0,2,0,1,0.0,0.0,0.0,0.0,0.0,0.0,0.0,0.0,0.0,0.0,0.0,0.0,0.0,0.0,0.0,0.0,0.0,0.0,1,ransomware_run_04,ransomware_run_04.jsonl
2,10.0,20,0,0,20,0.0,2.0,1.0,1.0,0.0,0.0,0,0,0,10,10,0,0,0.0,0.5,0.5,0.0,0.0,1,1,0,0,2,0,1,0.0,0.0,0.0,0.0,0.0,0.0,0.0,0.0,0.0,0.0,0.0,0.0,0.0,0.0,0.0,0.0,0.0,0.0,1,ransomware_run_04,ransomware_run_04.jsonl
3,10.0,15,0,0,15,0.0,1.5,0.0,1.0,0.0,0.5,0,0,0,0,10,0,5,0.3333333333333333,0.6666666666666666,0.0,0.0,0.5,2,1,5,5,10,5,1,0.0,0.0,0.0,0.0,0.0,0.0,0.0,0.0,0.0,0.0,0.0,0.0,0.0,0.0,0.0,0.0,0.0,0.0,1,ransomware_run_04,ransomware_run_04.jsonl
4,10.0,15,0,0,15,0.0,1.5,0.0,1.0,0.0,0.5,0,0,0,0,10,0,5,0.3333333333333333,0.6666666666666666,0.0,0.0,0.5,2,1,5,5,10,5,1,0.0,0.0,0.0,0.0,0.0,0.0,0.0,0.0,0.0,0.0,0.0,0.0,0.0,0.0,0.0,0.0,0.0,0.0,1,ransomware_run_04,ransomware_run_04.jsonl
6,10.0,15,0,0,15,0.0,1.5,0.0,1.0,0.0,0.5,0,0,0,0,10,0,5,0.3333333333333333,0.6666666666666666,0.0,0.0,0.5,2,1,5,5,10,5,1,0.0,0.0,0.0,0.0,0.0,0.0,0.0,0.0,0.0,0.0,0.0,0.0,0.0,0.0,0.0,0.0,0.0,0.0,1,ransomware_run_04,ransomware_run_04.jsonl
8,10.0,15,0,0,15,0.0,1.5,0.0,1.0,0.0,0.5,0,0,0,0,10,0,5,0.3333333333333333,0.6666666666666666,0.0,0.0,0.5,2,1,5,5,10,5,1,0.0,0.0,0.0,0.0,0.0,0.0,0.0,0.0,0.0,0.0,0.0,0.0,0.0,0.0,0.0,0.0,0.0,0.0,1,ransomware_run_04,ransomware_run_04.jsonl
9,10.0,5,0,0,5,0.0,0.5,0.0,0.5,0.0,0.0,0,0,0,0,5,0,0,0.0,1.0,0.0,0.0,0.0,1,1,0,0,5,0,0,0.0,0.0,0.0,0.0,0.0,0.0,0.0,0.0,0.0,0.0,0.0,0.0,0.0,0.0,0.0,0.0,0.0,0.0,1,ransomware_run_04,ransomware_run_04.jsonl
10,10.0,10,0,0,10,0.0,1.0,0.0,0.5,0.0,0.5,0,0,0,0,5,0,5,0.5,0.5,0.0,0.0,1.0,2,1,5,5,10,5,1,0.0,0.0,0.0,0.0,0.0,0.0,0.0,0.0,0.0,0.0,0.0,0.0,0.0,0.0,0.0,0.0,0.0,0.0,1,ransomware_run_04,ransomware_run_04.jsonl
11,10.0,14,0,0,14,0.0,1.4,0.0,1.0,0.0,0.4,0,0,0,0,10,0,4,0.2857142857142857,0.7142857142857143,0.0,0.0,0.4,2,1,4,4,9,4,1,0.0,0.0,0.0,0.0,0.0,0.0,0.0,0.0,0.0,0.0,0.0,0.0,0.0,0.0,0.0,0.0,0.0,0.0,1,ransomware_run_04,ransomware_run_04.jsonl
0,10.0,10,0,0,10,0.0,1.0,0.5,0.5,0.0,0.0,0,0,0,5,5,0,0,0.0,0.5,0.5,0.0,0.0,1,1,0,0,2,0,1,0.0,0.0,0.0,0.0,0.0,0.0,0.0,0.0,0.0,0.0,0.0,0.0,0.0,0.0,0.0,0.0,0.0,0.0,1,ransomware_run_05,ransomware_run_05.jsonl
1,10.0,10,0,0,10,0.0,1.0,0.5,0.5,0.0,0.0,0,0,0,5,5,0,0,0.0,0.5,0.5,0.0,0.0,1,1,0,0,2,0,1,0.0,0.0,0.0,0.0,0.0,0.0,0.0,0.0,0.0,0.0,0.0,0.0,0.0,0.0,0.0,0.0,0.0,0.0,1,ransomware_run_05,ransomware_run_05.jsonl
2,10.0,10,0,0,10,0.0,1.0,0.5,0.5,0.0,0.0,0,0,0,5,5,0,0,0.0,0.5,0.5,0.0,0.0,1,1,0,0,2,0,1,0.0,0.0,0.0,0.0,0.0,0.0,0.0,0.0,0.0,0.0,0.0,0.0,0.0,0.0,0.0,0.0,0.0,0.0,1,ransomware_run_05,ransomware_run_05.jsonl
3,10.0,10,0,0,10,0.0,1.0,0.5,0.5,0.0,0.0,0,0,0,5,5,0,0,0.0,0.5,0.5,0.0,0.0,1,1,0,0,2,0,1,0.0,0.0,0.0,0.0,0.0,0.0,0.0,0.0,0.0,0.0,0.0,0.0,0.0,0.0,0.0,0.0,0.0,0.0,1,ransomware_run_05,ransomware_run_05.jsonl
4,10.0,10,0,0,10,0.0,1.0,0.5,0.5,0.0,0.0,0,0,0,5,5,0,0,0.0,0.5,0.5,0.0,0.0,1,1,0,0,2,0,1,0.0,0.0,0.0,0.0,0.0,0.0,0.0,0.0,0.0,0.0,0.0,0.0,0.0,0.0,0.0,0.0,0.0,0.0,1,ransomware_run_05,ransomware_run_05.jsonl
5,10.0,10,0,0,10,0.0,1.0,0.5,0.5,0.0,0.0,0,0,0,5,5,0,0,0.0,0.5,0.5,0.0,0.0,1,1,0,0,2,0,1,0.0,0.0,0.0,0.0,0.0,0.0,0.0,0.0,0.0,0.0,0.0,0.0,0.0,0.0,0.0,0.0,0.0,0.0,1,ransomware_run_05,ransomware_run_05.jsonl
6,10.0,10,0,0,10,0.0,1.0,0.5,0.5,0.0,0.0,0,0,0,5,5,0,0,0.0,0.5,0.5,0.0,0.0,1,1,0,0,2,0,1,0.0,0.0,0.0,0.0,0.0,0.0,0.0,0.0,0.0,0.0,0.0,0.0,0.0,0.0,0.0,0.0,0.0,0.0,1,ransomware_run_05,ransomware_run_05.jsonl
7,10.0,10,0,0,10,0.0,1.0,0.5,0.5,0.0,0.0,0,0,0,5,5,0,0,0.0,0.5,0.5,0.0,0.0,1,1,0,0,2,0,1,0.0,0.0,0.0,0.0,0.0,0.0,0.0,0.0,0.0,0.0,0.0,0.0,0.0,0.0,0.0,0.0,0.0,0.0,1,ransomware_run_05,ransomware_run_05.jsonl
8,10.0,15,0,0,15,0.0,1.5,0.0,1.0,0.0,0.5,0,0,0,0,10,0,5,0.3333333333333333,0.6666666666666666,0.0,0.0,0.5,2,1,5,5,10,5,1,0.0,0.0,0.0,0.0,0.0,0.0,0.0,0.0,0.0,0.0,0.0,0.0,0.0,0.0,0.0,0.0,0.0,0.0,1,ransomware_run_05,ransomware_run_05.jsonl
9,10.0,15,0,0,15,0.0,1.5,0.0,1.0,0.0,0.5,0,0,0,0,10,0,5,0.3333333333333333,0.6666666666666666,0.0,0.0,0.5,2,1,5,5,10,5,1,0.0,0.0,0.0,0.0,0.0,0.0,0.0,0.0,0.0,0.0,0.0,0.0,0.0,0.0,0.0,0.0,0.0,0.0,1,ransomware_run_05,ransomware_run_05.jsonl
11,10.0,15,0,0,15,0.0,1.5,0.0,1.0,0.0,0.5,0,0,0,0,10,0,5,0.3333333333333333,0.6666666666666666,0.0,0.0,0.5,2,1,5,5,10,5,1,0.0,0.0,0.0,0.0,0.0,0.0,0.0,0.0,0.0,0.0,0.0,0.0,0.0,0.0,0.0,0.0,0.0,0.0,1,ransomware_run_05,ransomware_run_05.jsonl
12,10.0,15,0,0,15,0.0,1.5,0.0,1.0,0.0,0.5,0,0,0,0,10,0,5,0.3333333333333333,0.6666666666666666,0.0,0.0,0.5,2,1,5,5,10,5,1,0.0,0.0,0.0,0.0,0.0,0.0,0.0,0.0,0.0,0.0,0.0,0.0,0.0,0.0,0.0,0.0,0.0,0.0,1,ransomware_run_05,ransomware_run_05.jsonl
14,10.0,15,0,0,15,0.0,1.5,0.0,1.0,0.0,0.5,0,0,0,0,10,0,5,0.3333333333333333,0.6666666666666666,0.0,0.0,0.5,2,1,5,5,10,5,1,0.0,0.0,0.0,0.0,0.0,0.0,0.0,0.0,0.0,0.0,0.0,0.0,0.0,0.0,0.0,0.0,0.0,0.0,1,ransomware_run_05,ransomware_run_05.jsonl
15,10.0,15,0,0,15,0.0,1.5,0.0,1.0,0.0,0.5,0,0,0,0,10,0,5,0.3333333333333333,0.6666666666666666,0.0,0.0,0.5,2,1,5,5,10,5,1,0.0,0.0,0.0,0.0,0.0,0.0,0.0,0.0,0.0,0.0,0.0,0.0,0.0,0.0,0.0,0.0,0.0,0.0,1,ransomware_run_05,ransomware_run_05.jsonl
17,10.0,15,0,0,15,0.0,1.5,0.0,1.0,0.0,0.5,0,0,0,0,10,0,5,0.3333333333333333,0.6666666666666666,0.0,0.0,0.5,2,1,5,5,10,5,1,0.0,0.0,0.0,0.0,0.0,0.0,0.0,0.0,0.0,0.0,0.0,0.0,0.0,0.0,0.0,0.0,0.0,0.0,1,ransomware_run_05,ransomware_run_05.jsonl
18,10.0,15,0,0,15,0.0,1.5,0.0,1.0,0.0,0.5,0,0,0,0,10,0,5,0.3333333333333333,0.6666666666666666,0.0,0.0,0.5,2,1,5,5,10,5,1,0.0,0.0,0.0,0.0,0.0,0.0,0.0,0.0,0.0,0.0,0.0,0.0,0.0,0.0,0.0,0.0,0.0,0.0,1,ransomware_run_05,ransomware_run_05.jsonl
