window_id,duration_s,total_events,system_events,process_events,filesystem_events,process_create_rate,filesystem_event_rate,suspicious_process_events,unique_process_names,process_burst,cpu_percent_mean,cpu_percent_max,cpu_percent_std,memory_percent_mean,memory_percent_max,memory_percent_std,disk_read_bytes_mean,disk_read_bytes_max,disk_read_bytes_std,disk_write_bytes_mean,disk_write_bytes_max,disk_write_bytes_std,process_count_mean,process_count_max,process_count_std,disk_write_rate,disk_read_rate,write_read_ratio,fs_created,fs_modified,fs_deleted,fs_renamed,label,session_id,source_file
0,10.0,7,5,2,0,0.2,0.0,0,1,0,3.88,7.5,2.4685218248984553,60.6,61.0,0.4604345773288533,819.2,4096.0,1638.4000000000003,615219.2,2584576.0,1000589.6729985574,672.6,673.0,0.8,307609.6,409.6,750.9999999999999,0,0,0,0,1,ransomware_run_01,ransomware_run_01.jsonl
1,10.0,6,5,1,0,0.1,0.0,0,1,0,3.7,5.4,1.0564090116995406,60.2,60.6,0.22803508501982836,2457.6,12288.0,4915.2,975667.2,4194304.0,1615879.8389670437,673.8,674.0,0.4000000000000001,487833.6,1228.8,397.0,0,0,0,0,1,ransomware_run_01,ransomware_run_01.jsonl
2,10.0,5,5,0,0,0.0,0.0,0,0,0,3.22,4.3,0.9019977827023744,60.220000000000006,60.4,0.11661903789690449,253132.8,1232896.0,490045.96038755385,401408.0,1253376.0,455632.82452430925,674.0,674.0,0.0,200704.0,126566.4,1.5857605177993528,0,0,0,0,1,ransomware_run_01,ransomware_run_01.jsonl
3,10.0,5,5,0,0,0.0,0.0,0,0,0,7.360000000000001,9.6,2.1209431864149497,60.8,61.0,0.3521363372331795,32768.0,65536.0,20724.30287367949,424345.6,913408.0,311485.65170267475,674.0,674.0,0.0,212172.8,16384.0,12.95,0,0,0,0,1,ransomware_run_01,ransomware_run_01.jsonl
4,10.0,5,5,0,0,0.0,0.0,0,0,0,2.68,4.3,0.8975522268926749,60.220000000000006,60.6,0.3187475490101838,3276.8,12288.0,4776.715792257271,1558937.6,4329472.0,1655523.1426462876,672.8,674.0,0.9797958971132713,779468.8,1638.4,475.75,0,0,0,0,1,ransomware_run_01,ransomware_run_01.jsonl
5,10.0,7,5,0,2,0.0,0.2,0,0,0,7.06,9.2,1.8347751905887544,60.7,61.0,0.33466401061362944,40140.8,81920.0,31129.600000000002,446464.0,864256.0,264437.96302346606,671.6,673.0,0.8,223232.0,20070.4,11.122448979591836,1,1,0,0,1,ransomware_run_01,ransomware_run_01.jsonl
6,10.0,30,5,5,20,0.5,2.0,0,2,1,4.5200000000000005,6.8,1.493184516394407,60.7,61.1,0.346410161513775,19660.8,98304.0,39321.6,383385.6,897024.0,303630.4876138758,674.4,675.0,1.2,191692.8,9830.4,19.5,10,10,0,0,1,ransomware_run_01,ransomware_run_01.jsonl
7,10.0,26,5,1,20,0.1,2.0,0,1,0,2.86,3.5,0.4029888335921977,60.32000000000001,60.7,0.2712931993250111,0.0,0.0,0.0,1411481.6,5353472.0,1979510.9880842392,675.8,676.0,0.4000000000000001,705740.8,0.0,705740.8,10,10,0,0,1,ransomware_run_01,ransomware_run_01.jsonl
8,10.0,84,5,0,79,0.0,7.9,0,0,0,2.8600000000000003,3.6,0.5083306010855535,60.2,60.6,0.2,7372.8,32768.0,12796.313069005464,161382.4,356352.0,148195.97441442194,676.0,676.0,0.0,80691.2,3686.4,21.88888888888889,9,40,0,30,1,ransomware_run_01,ransomware_run_01.jsonl
9,10.0,13,5,8,0,0.8,0.0,0,1,1,4.119999999999999,8.9,2.583331182794804,60.779999999999994,61.3,0.4069397989875147,0.0,0.0,0.0,336691.2,1376256.0,527111.7557855829,682.0,682.0,0.0,168345.6,0.0,168345.6,0,0,0,0,1,ransomware_run_01,ransomware_run_01.jsonl
10,10.0,5,5,0,0,0.0,0.0,0,0,0,2.62,3.8,0.863481325796916,60.739999999999995,61.2,0.31368774282716383,0.0,0.0,0.0,557875.2,1970176.0,711310.940163414,682.0,682.0,0.0,278937.6,0.0,278937.6,0,0,0,0,1,ransomware_run_01,ransomware_run_01.jsonl
11,10.0,5,5,0,0,0.0,0.0,0,0,0,2.0,2.7,0.48579831205964485,60.620000000000005,60.8,0.1599999999999991,11468.8,49152.0,19106.86316902908,132710.4,323584.0,142869.98311135898,682.0,682.0,0.0,66355.2,5734.4,11.571428571428571,0,0,0,0,1,ransomware_run_01,ransomware_run_01.jsonl
12,10.0,5,5,0,0,0.0,0.0,0,0,0,2.32,3.5,0.7138627319029899,60.68000000000001,60.8,0.1469693845669893,75366.4,376832.0,150732.8,105676.8,249856.0,105240.89943819371,682.0,682.0,0.0,52838.4,37683.2,1.4021739130434785,0,0,0,0,1,ransomware_run_01,ransomware_run_01.jsonl
13,10.0,7,5,2,0,0.2,0.0,0,1,0,5.78,10.9,3.4654869787664766,60.839999999999996,61.5,0.4673328578219166,27852.8,118784.0,45860.56909546588,455475.2,1626112.0,602161.5957805347,676.0,682.0,3.0983866769659336,227737.6,13926.4,16.35294117647059,0,0,0,0,1,ransomware_run_01,ransomware_run_01.jsonl
14,10.0,3,3,0,0,0.0,0.0,0,0,0,2.6,3.5,0.648074069840786,60.53333333333333,60.8,0.2054804667656324,21845.333333333332,65536.0,30893.966674561052,189781.33333333334,335872.0,122164.9119000851,674.0,674.0,0.0,56934.4,6553.6,8.6875,0,0,0,0,1,ransomware_run_01,ransomware_run_01.jsonl
31,10.0,1,1,0,0,0.0,0.0,0,0,0,0.0,0.0,0.0,61.1,61.1,0.0,0.0,0.0,0.0,0.0,0.0,0.0,672.0,672.0,0.0,0.0,0.0,0.0,0,0,0,0,1,ransomware_run_01,ransomware_run_01.jsonl
32,10.0,7,5,2,0,0.2,0.0,0,1,0,9.28,18.9,5.656642113480399,60.80000000000001,61.2,0.4604345773288545,35225.6,94208.0,34813.590504858876,1241907.2,3440640.0,1224569.4684638188,674.0,674.0,0.0,620953.6,17612.8,35.25581395348837,0,0,0,0,1,ransomware_run_01,ransomware_run_01.jsonl
33,10.0,6,5,1,0,0.1,0.0,0,1,0,4.84,8.9,2.331179958733345,60.8,61.2,0.236643191323985,29491.2,126976.0,49383.561209779116,685670.4,2035712.0,721326.8821391866,674.4,676.0,0.8,342835.2,14745.6,23.25,0,0,0,0,1,ransomware_run_01,ransomware_run_01.jsonl
34,10.0,5,5,0,0,0.0,0.0,0,0,0,2.44,3.5,0.6621178142898739,60.4,60.6,0.1414213562373095,3276.8,8192.0,4013.2439945759593,995328.0,4542464.0,1779488.3320900982,674.2,675.0,0.4,497664.0,1638.4,303.75,0,0,0,0,1,ransomware_run_01,ransomware_run_01.jsonl
35,10.0,7,5,2,0,0.2,0.0,0,2,0,2.0,2.4,0.31622776601683783,60.35999999999999,60.8,0.2416609194718898,11468.8,32768.0,14283.240058194078,147456.0,417792.0,168464.650848776,673.2,674.0,0.4000000000000001,73728.0,5734.4,12.857142857142858,0,0,0,0,1,ransomware_run_01,ransomware_run_01.jsonl
36,10.0,5,5,0,0,0.0,0.0,0,0,0,2.2600000000000002,3.2,0.5462600113499066,60.459999999999994,60.8,0.24166091947189133,0.0,0.0,0.0,107315.2,237568.0,99031.75947624075,671.6,673.0,0.8,53657.6,0.0,53657.6,0,0,0,0,1,ransomware_run_01,ransomware_run_01.jsonl
37,10.0,6,5,1,0,0.1,0.0,0,1,0,2.2600000000000002,2.7,0.31368774282716244,60.379999999999995,60.6,0.17204650534085267,13107.2,65536.0,26214.4,436633.6,1667072.0,635910.2989704129,672.0,672.0,0.0,218316.8,6553.6,33.31249999999999,0,0,0,0,1,ransomware_run_01,ransomware_run_01.jsonl
38,10.0,5,5,0,0,0.0,0.0,0,0,0,1.8800000000000001,2.4,0.3655133376499413,60.279999999999994,60.5,0.1469693845669895,0.0,0.0,0.0,144179.2,393216.0,163376.49637374404,672.0,672.0,0.0,72089.6,0.0,72089.6,0,0,0,0,1,ransomware_run_01,ransomware_run_01.jsonl
39,10.0,6,5,1,0,0.1,0.0,0,1,0,2.0,2.5,0.2966479394838265,60.32000000000001,60.5,0.15999999999999925,3276.8,16384.0,6553.6,93388.8,217088.0,94453.44027699574,672.0,672.0,0.0,46694.4,1638.4,28.5,0,0,0,0,1,ransomware_run_01,ransomware_run_01.jsonl
40,10.0,7,5,2,0,0.2,0.0,0,1,0,5.8,9.9,3.3567841753678476,60.82000000000001,61.5,0.5635601121442144,16384.0,49152.0,20724.30287367949,414515.2,1597440.0,600152.204302342,672.2,673.0,0.4000000000000001,207257.6,8192.0,25.3,0,0,0,0,1,ransomware_run_01,ransomware_run_01.jsonl
41,10.0,24,5,3,16,0.3,1.6,0,2,0,4.64,6.8,1.3690872872099864,60.82000000000001,61.2,0.36551333764994326,5734.4,28672.0,11468.8,955187.2,3043328.0,1102268.2274754,673.2,674.0,1.1661903789690602,477593.6,2867.2,166.57142857142858,8,8,0,0,1,ransomware_run_01,ransomware_run_01.jsonl
42,10.0,26,5,1,20,0.1,2.0,0,1,0,3.02,4.1,0.7025667228100118,60.44,60.8,0.26532998322843204,2457.6,12288.0,4915.2,250675.2,421888.0,151172.9226632865,674.2,675.0,0.4,125337.6,1228.8,102.00000000000001,10,10,0,0,1,ransomware_run_01,ransomware_run_01.jsonl
43,10.0,25,5,0,20,0.0,2.0,0,0,0,4.4399999999999995,6.0,1.2175385004179538,60.78000000000001,61.2,0.39698866482558637,16384.0,81920.0,32768.0,911769.6,3543040.0,1323634.5523192722,675.0,675.0,0.0,455884.8,8192.0,55.65,10,10,0,0,1,ransomware_run_01,ransomware_run_01.jsonl
44,10.0,78,5,8,65,0.8,6.5,0,1,1,4.0,9.9,3.0232432915661946,60.8,61.5,0.3898717737923586,819.2,4096.0,1638.4000000000003,445644.8,1372160.0,494883.5950364085,680.6,682.0,2.8000000000000003,222822.4,409.6,544.0,2,33,0,30,1,ransomware_run_01,ransomware_run_01.jsonl
45,10.0,4,4,0,0,0.0,0.0,0,0,0,2.3000000000000003,4.2,1.0977249200050077,60.625,60.8,0.10897247358851553,0.0,0.0,0.0,130048.0,245760.0,109692.34066241818,682.0,682.0,0.0,52019.2,0.0,52019.2,0,0,0,0,1,ransomware_run_01,ransomware_run_01.jsonl
46,10.0,5,5,0,0,0.0,0.0,0,0,0,2.2,2.9,0.4381780460041328,60.7,60.9,0.16733200530681408,0.0,0.0,0.0,446464.0,1744896.0,660582.0745930062,682.0,682.0,0.0,223232.0,0.0,223232.0,0,0,0,0,1,ransomware_run_01,ransomware_run_01.jsonl
47,10.0,5,5,0,0,0.0,0.0,0,0,0,2.18,2.6,0.342928563989645,60.7,61.0,0.17888543819998254,13926.4,65536.0,25853.515920276684,174489.6,442368.0,184194.34650346902,682.0,682.0,0.0,87244.8,6963.2,12.529411764705882,0,0,0,0,1,ransomware_run_01,ransomware_run_01.jsonl
48,10.0,6,5,1,0,0.1,0.0,0,1,0,3.2599999999999993,7.8,2.2896287908741892,60.52,60.9,0.3187475490101828,0.0,0.0,0.0,233472.0,598016.0,236889.0712481266,677.4,681.0,4.409081537009721,116736.0,0.0,116736.0,0,0,0,0,1,ransomware_run_01,ransomware_run_01.jsonl
49,10.0,6,5,1,0,0.1,0.0,0,1,0,2.2199999999999998,3.7,0.7782030583337488,60.379999999999995,60.6,0.14696938456699105,0.0,0.0,0.0,386662.4,1392640.0,524752.4342932008,673.0,673.0,0.0,193331.2,0.0,193331.2,0,0,0,0,1,ransomware_run_01,ransomware_run_01.jsonl
50,10.0,5,5,0,0,0.0,0.0,0,0,0,2.7,5.0,1.2132600710482482,60.56,61.1,0.28000000000000125,3276.8,16384.0,6553.600000000001,154009.6,352256.0,153795.93689509484,673.0,673.0,0.0,77004.8,1638.4,47.0,0,0,0,0,1,ransomware_run_01,ransomware_run_01.jsonl
51,10.0,1,1,0,0,0.0,0.0,0,0,0,4.4,4.4,0.0,61.2,61.2,0.0,0.0,0.0,0.0,94208.0,94208.0,0.0,673.0,673.0,0.0,9420.8,0.0,9420.8,0,0,0,0,1,ransomware_run_01,ransomware_run_01.jsonl
